#pragma once

// Auto-generated by scripts/gen_wings_assets.py - do not edit by hand.
// Default Bedrock skin geometry + 64x64 RGBA texture for the Wings module.
#include <cstddef>

namespace wings_default {

inline constexpr const char* GeometryIdentifier = "geometry.wings";

inline constexpr const char* GeometryJson = R"json({
  "format_version": "1.12.0",
  "minecraft:geometry": [
    {
      "description": {
        "identifier": "geometry.wings",
        "texture_width": 64,
        "texture_height": 64,
        "visible_bounds_width": 3,
        "visible_bounds_height": 3.5,
        "visible_bounds_offset": [0, 1.25, 0]
      },
      "bones": [
        { "name": "root", "pivot": [0, 0, 0] },
        { "name": "waist", "parent": "root", "pivot": [0, 12, 0] },
        {
          "name": "body",
          "parent": "waist",
          "pivot": [0, 24, 0],
          "cubes": [ { "origin": [-4, 12, -2], "size": [8, 12, 4], "uv": [16, 16] } ]
        },
        {
          "name": "head",
          "parent": "body",
          "pivot": [0, 24, 0],
          "cubes": [ { "origin": [-4, 24, -4], "size": [8, 8, 8], "uv": [0, 0] } ]
        },
        {
          "name": "rightArm",
          "parent": "body",
          "pivot": [5, 22, 0],
          "cubes": [ { "origin": [-9, 12, -2], "size": [4, 12, 4], "uv": [40, 16] } ]
        },
        {
          "name": "leftArm",
          "parent": "body",
          "pivot": [-5, 22, 0],
          "cubes": [ { "origin": [5, 12, -2], "size": [4, 12, 4], "uv": [32, 48] } ]
        },
        {
          "name": "rightLeg",
          "parent": "waist",
          "pivot": [1.9, 12, 0],
          "cubes": [ { "origin": [-3.9, 0, -2], "size": [4, 12, 4], "uv": [0, 16] } ]
        },
        {
          "name": "leftLeg",
          "parent": "waist",
          "pivot": [-1.9, 12, 0],
          "cubes": [ { "origin": [-0.1, 0, -2], "size": [4, 12, 4], "uv": [16, 48] } ]
        },
        {
          "name": "wingRight",
          "parent": "body",
          "pivot": [4, 20, -2],
          "cubes": [ { "origin": [2, 12, -3], "size": [6, 10, 1], "uv": [48, 16] } ]
        },
        {
          "name": "wingLeft",
          "parent": "body",
          "pivot": [-4, 20, -2],
          "cubes": [ { "origin": [-8, 12, -3], "size": [6, 10, 1], "uv": [48, 32] } ]
        }
      ]
    }
  ]
})json";

inline constexpr std::size_t TextureWidth = 64;
inline constexpr std::size_t TextureHeight = 64;

inline constexpr unsigned char TexturePixels[] = {
  0x00, 0x00, 0x00, 0x00, 0x00, 0x00, 0x00, 0x00, 0x00, 0x00, 0x00, 0x00, 0x00, 0x00, 0x00, 0x00,
  0x00, 0x00, 0x00, 0x00, 0x00, 0x00, 0x00, 0x00, 0x00, 0x00, 0x00, 0x00, 0x00, 0x00, 0x00, 0x00,
  0x5e, 0x3e, 0x24, 0xff, 0x5e, 0x3e, 0x24, 0xff, 0x5e, 0x3e, 0x24, 0xff, 0x5e, 0x3e, 0x24, 0xff,
  0x5e, 0x3e, 0x24, 0xff, 0x5e, 0x3e, 0x24, 0xff, 0x5e, 0x3e, 0x24, 0xff, 0x5e, 0x3e, 0x24, 0xff,
  0x5e, 0x3e, 0x24, 0xff, 0x5e, 0x3e, 0x24, 0xff, 0x5e, 0x3e, 0x24, 0xff, 0x5e, 0x3e, 0x24, 0xff,
  0x5e, 0x3e, 0x24, 0xff, 0x5e, 0x3e, 0x24, 0xff, 0x5e, 0x3e, 0x24, 0xff, 0x5e, 0x3e, 0x24, 0xff,
  0x00, 0x00, 0x00, 0x00, 0x00, 0x00, 0x00, 0x00, 0x00, 0x00, 0x00, 0x00, 0x00, 0x00, 0x00, 0x00,
  0x00, 0x00, 0x00, 0x00, 0x00, 0x00, 0x00, 0x00, 0x00, 0x00, 0x00, 0x00, 0x00, 0x00, 0x00, 0x00,
  0x00, 0x00, 0x00, 0x00, 0x00, 0x00, 0x00, 0x00, 0x00, 0x00, 0x00, 0x00, 0x00, 0x00, 0x00, 0x00,
  0x00, 0x00, 0x00, 0x00, 0x00, 0x00, 0x00, 0x00, 0x00, 0x00, 0x00, 0x00, 0x00, 0x00, 0x00, 0x00,
  0x00, 0x00, 0x00, 0x00, 0x00, 0x00, 0x00, 0x00, 0x00, 0x00, 0x00, 0x00, 0x00, 0x00, 0x00, 0x00,
  0x00, 0x00, 0x00, 0x00, 0x00, 0x00, 0x00, 0x00, 0x00, 0x00, 0x00, 0x00, 0x00, 0x00, 0x00, 0x00,
  0x00, 0x00, 0x00, 0x00, 0x00, 0x00, 0x00, 0x00, 0x00, 0x00, 0x00, 0x00, 0x00, 0x00, 0x00, 0x00,
  0x00, 0x00, 0x00, 0x00, 0x00, 0x00, 0x00, 0x00, 0x00, 0x00, 0x00, 0x00, 0x00, 0x00, 0x00, 0x00,
  0x00, 0x00, 0x00, 0x00, 0x00, 0x00, 0x00, 0x00, 0x00, 0x00, 0x00, 0x00, 0x00, 0x00, 0x00, 0x00,
  0x00, 0x00, 0x00, 0x00, 0x00, 0x00, 0x00, 0x00, 0x00, 0x00, 0x00, 0x00, 0x00, 0x00, 0x00, 0x00,
  0x00, 0x00, 0x00, 0x00, 0x00, 0x00, 0x00, 0x00, 0x00, 0x00, 0x00, 0x00, 0x00, 0x00, 0x00, 0x00,
  0x00, 0x00, 0x00, 0x00, 0x00, 0x00, 0x00, 0x00, 0x00, 0x00, 0x00, 0x00, 0x00, 0x00, 0x00, 0x00,
  0x5e, 0x3e, 0x24, 0xff, 0x5e, 0x3e, 0x24, 0xff, 0x5e, 0x3e, 0x24, 0xff, 0x5e, 0x3e, 0x24, 0xff,
  0x5e, 0x3e, 0x24, 0xff, 0x5e, 0x3e, 0x24, 0xff, 0x5e, 0x3e, 0x24, 0xff, 0x5e, 0x3e, 0x24, 0xff,
  0x5e, 0x3e, 0x24, 0xff, 0x5e, 0x3e, 0x24, 0xff, 0x5e, 0x3e, 0x24, 0xff, 0x5e, 0x3e, 0x24, 0xff,
  0x5e, 0x3e, 0x24, 0xff, 0x5e, 0x3e, 0x24, 0xff, 0x5e, 0x3e, 0x24, 0xff, 0x5e, 0x3e, 0x24, 0xff,
  0x00, 0x00, 0x00, 0x00, 0x00, 0x00, 0x00, 0x00, 0x00, 0x00, 0x00, 0x00, 0x00, 0x00, 0x00, 0x00,
  0x00, 0x00, 0x00, 0x00, 0x00, 0x00, 0x00, 0x00, 0x00, 0x00, 0x00, 0x00, 0x00, 0x00, 0x00, 0x00,
  0x00, 0x00, 0x00, 0x00, 0x00, 0x00, 0x00, 0x00, 0x00, 0x00, 0x00, 0x00, 0x00, 0x00, 0x00, 0x00,
  0x00, 0x00, 0x00, 0x00, 0x00, 0x00, 0x00, 0x00, 0x00, 0x00, 0x00, 0x00, 0x00, 0x00, 0x00, 0x00,
  0x00, 0x00, 0x00, 0x00, 0x00, 0x00, 0x00, 0x00, 0x00, 0x00, 0x00, 0x00, 0x00, 0x00, 0x00, 0x00,
  0x00, 0x00, 0x00, 0x00, 0x00, 0x00, 0x00, 0x00, 0x00, 0x00, 0x00, 0x00, 0x00, 0x00, 0x00, 0x00,
  0x00, 0x00, 0x00, 0x00, 0x00, 0x00, 0x00, 0x00, 0x00, 0x00, 0x00, 0x00, 0x00, 0x00, 0x00, 0x00,
  0x00, 0x00, 0x00, 0x00, 0x00, 0x00, 0x00, 0x00, 0x00, 0x00, 0x00, 0x00, 0x00, 0x00, 0x00, 0x00,
  0x00, 0x00, 0x00, 0x00, 0x00, 0x00, 0x00, 0x00, 0x00, 0x00, 0x00, 0x00, 0x00, 0x00, 0x00, 0x00,
  0x00, 0x00, 0x00, 0x00, 0x00, 0x00, 0x00, 0x00, 0x00, 0x00, 0x00, 0x00, 0x00, 0x00, 0x00, 0x00,
  0x00, 0x00, 0x00, 0x00, 0x00, 0x00, 0x00, 0x00, 0x00, 0x00, 0x00, 0x00, 0x00, 0x00, 0x00, 0x00,
  0x00, 0x00, 0x00, 0x00, 0x00, 0x00, 0x00, 0x00, 0x00, 0x00, 0x00, 0x00, 0x00, 0x00, 0x00, 0x00,
  0x5e, 0x3e, 0x24, 0xff, 0x5e, 0x3e, 0x24, 0xff, 0x5e, 0x3e, 0x24, 0xff, 0x5e, 0x3e, 0x24, 0xff,
  0x5e, 0x3e, 0x24, 0xff, 0x5e, 0x3e, 0x24, 0xff, 0x5e, 0x3e, 0x24, 0xff, 0x5e, 0x3e, 0x24, 0xff,
  0x5e, 0x3e, 0x24, 0xff, 0x5e, 0x3e, 0x24, 0xff, 0x5e, 0x3e, 0x24, 0xff, 0x5e, 0x3e, 0x24, 0xff,
  0x5e, 0x3e, 0x24, 0xff, 0x5e, 0x3e, 0x24, 0xff, 0x5e, 0x3e, 0x24, 0xff, 0x5e, 0x3e, 0x24, 0xff,
  0x00, 0x00, 0x00, 0x00, 0x00, 0x00, 0x00, 0x00, 0x00, 0x00, 0x00, 0x00, 0x00, 0x00, 0x00, 0x00,
  0x00, 0x00, 0x00, 0x00, 0x00, 0x00, 0x00, 0x00, 0x00, 0x00, 0x00, 0x00, 0x00, 0x00, 0x00, 0x00,
  0x00, 0x00, 0x00, 0x00, 0x00, 0x00, 0x00, 0x00, 0x00, 0x00, 0x00, 0x00, 0x00, 0x00, 0x00, 0x00,
  0x00, 0x00, 0x00, 0x00, 0x00, 0x00, 0x00, 0x00, 0x00, 0x00, 0x00, 0x00, 0x00, 0x00, 0x00, 0x00,
  0x00, 0x00, 0x00, 0x00, 0x00, 0x00, 0x00, 0x00, 0x00, 0x00, 0x00, 0x00, 0x00, 0x00, 0x00, 0x00,
  0x00, 0x00, 0x00, 0x00, 0x00, 0x00, 0x00, 0x00, 0x00, 0x00, 0x00, 0x00, 0x00, 0x00, 0x00, 0x00,
  0x00, 0x00, 0x00, 0x00, 0x00, 0x00, 0x00, 0x00, 0x00, 0x00, 0x00, 0x00, 0x00, 0x00, 0x00, 0x00,
  0x00, 0x00, 0x00, 0x00, 0x00, 0x00, 0x00, 0x00, 0x00, 0x00, 0x00, 0x00, 0x00, 0x00, 0x00, 0x00,
  0x00, 0x00, 0x00, 0x00, 0x00, 0x00, 0x00, 0x00, 0x00, 0x00, 0x00, 0x00, 0x00, 0x00, 0x00, 0x00,
  0x00, 0x00, 0x00, 0x00, 0x00, 0x00, 0x00, 0x00, 0x00, 0x00, 0x00, 0x00, 0x00, 0x00, 0x00, 0x00,
  0x00, 0x00, 0x00, 0x00, 0x00, 0x00, 0x00, 0x00, 0x00, 0x00, 0x00, 0x00, 0x00, 0x00, 0x00, 0x00,
  0x00, 0x00, 0x00, 0x00, 0x00, 0x00, 0x00, 0x00, 0x00, 0x00, 0x00, 0x00, 0x00, 0x00, 0x00, 0x00,
  0x5e, 0x3e, 0x24, 0xff, 0x5e, 0x3e, 0x24, 0xff, 0x5e, 0x3e, 0x24, 0xff, 0x5e, 0x3e, 0x24, 0xff,
  0x5e, 0x3e, 0x24, 0xff, 0x5e, 0x3e, 0x24, 0xff, 0x5e, 0x3e, 0x24, 0xff, 0x5e, 0x3e, 0x24, 0xff,
  0x5e, 0x3e, 0x24, 0xff, 0x5e, 0x3e, 0x24, 0xff, 0x5e, 0x3e, 0x24, 0xff, 0x5e, 0x3e, 0x24, 0xff,
  0x5e, 0x3e, 0x24, 0xff, 0x5e, 0x3e, 0x24, 0xff, 0x5e, 0x3e, 0x24, 0xff, 0x5e, 0x3e, 0x24, 0xff,
  0x00, 0x00, 0x00, 0x00, 0x00, 0x00, 0x00, 0x00, 0x00, 0x00, 0x00, 0x00, 0x00, 0x00, 0x00, 0x00,
  0x00, 0x00, 0x00, 0x00, 0x00, 0x00, 0x00, 0x00, 0x00, 0x00, 0x00, 0x00, 0x00, 0x00, 0x00, 0x00,
  0x00, 0x00, 0x00, 0x00, 0x00, 0x00, 0x00, 0x00, 0x00, 0x00, 0x00, 0x00, 0x00, 0x00, 0x00, 0x00,
  0x00, 0x00, 0x00, 0x00, 0x00, 0x00, 0x00, 0x00, 0x00, 0x00, 0x00, 0x00, 0x00, 0x00, 0x00, 0x00,
  0x00, 0x00, 0x00, 0x00, 0x00, 0x00, 0x00, 0x00, 0x00, 0x00, 0x00, 0x00, 0x00, 0x00, 0x00, 0x00,
  0x00, 0x00, 0x00, 0x00, 0x00, 0x00, 0x00, 0x00, 0x00, 0x00, 0x00, 0x00, 0x00, 0x00, 0x00, 0x00,
  0x00, 0x00, 0x00, 0x00, 0x00, 0x00, 0x00, 0x00, 0x00, 0x00, 0x00, 0x00, 0x00, 0x00, 0x00, 0x00,
  0x00, 0x00, 0x00, 0x00, 0x00, 0x00, 0x00, 0x00, 0x00, 0x00, 0x00, 0x00, 0x00, 0x00, 0x00, 0x00,
  0x00, 0x00, 0x00, 0x00, 0x00, 0x00, 0x00, 0x00, 0x00, 0x00, 0x00, 0x00, 0x00, 0x00, 0x00, 0x00,
  0x00, 0x00, 0x00, 0x00, 0x00, 0x00, 0x00, 0x00, 0x00, 0x00, 0x00, 0x00, 0x00, 0x00, 0x00, 0x00,
  0x00, 0x00, 0x00, 0x00, 0x00, 0x00, 0x00, 0x00, 0x00, 0x00, 0x00, 0x00, 0x00, 0x00, 0x00, 0x00,
  0x00, 0x00, 0x00, 0x00, 0x00, 0x00, 0x00, 0x00, 0x00, 0x00, 0x00, 0x00, 0x00, 0x00, 0x00, 0x00,
  0x5e, 0x3e, 0x24, 0xff, 0x5e, 0x3e, 0x24, 0xff, 0x5e, 0x3e, 0x24, 0xff, 0x5e, 0x3e, 0x24, 0xff,
  0x5e, 0x3e, 0x24, 0xff, 0x5e, 0x3e, 0x24, 0xff, 0x5e, 0x3e, 0x24, 0xff, 0x5e, 0x3e, 0x24, 0xff,
  0x5e, 0x3e, 0x24, 0xff, 0x5e, 0x3e, 0x24, 0xff, 0x5e, 0x3e, 0x24, 0xff, 0x5e, 0x3e, 0x24, 0xff,
  0x5e, 0x3e, 0x24, 0xff, 0x5e, 0x3e, 0x24, 0xff, 0x5e, 0x3e, 0x24, 0xff, 0x5e, 0x3e, 0x24, 0xff,
  0x00, 0x00, 0x00, 0x00, 0x00, 0x00, 0x00, 0x00, 0x00, 0x00, 0x00, 0x00, 0x00, 0x00, 0x00, 0x00,
  0x00, 0x00, 0x00, 0x00, 0x00, 0x00, 0x00, 0x00, 0x00, 0x00, 0x00, 0x00, 0x00, 0x00, 0x00, 0x00,
  0x00, 0x00, 0x00, 0x00, 0x00, 0x00, 0x00, 0x00, 0x00, 0x00, 0x00, 0x00, 0x00, 0x00, 0x00, 0x00,
  0x00, 0x00, 0x00, 0x00, 0x00, 0x00, 0x00, 0x00, 0x00, 0x00, 0x00, 0x00, 0x00, 0x00, 0x00, 0x00,
  0x00, 0x00, 0x00, 0x00, 0x00, 0x00, 0x00, 0x00, 0x00, 0x00, 0x00, 0x00, 0x00, 0x00, 0x00, 0x00,
  0x00, 0x00, 0x00, 0x00, 0x00, 0x00, 0x00, 0x00, 0x00, 0x00, 0x00, 0x00, 0x00, 0x00, 0x00, 0x00,
  0x00, 0x00, 0x00, 0x00, 0x00, 0x00, 0x00, 0x00, 0x00, 0x00, 0x00, 0x00, 0x00, 0x00, 0x00, 0x00,
  0x00, 0x00, 0x00, 0x00, 0x00, 0x00, 0x00, 0x00, 0x00, 0x00, 0x00, 0x00, 0x00, 0x00, 0x00, 0x00,
  0x00, 0x00, 0x00, 0x00, 0x00, 0x00, 0x00, 0x00, 0x00, 0x00, 0x00, 0x00, 0x00, 0x00, 0x00, 0x00,
  0x00, 0x00, 0x00, 0x00, 0x00, 0x00, 0x00, 0x00, 0x00, 0x00, 0x00, 0x00, 0x00, 0x00, 0x00, 0x00,
  0x00, 0x00, 0x00, 0x00, 0x00, 0x00, 0x00, 0x00, 0x00, 0x00, 0x00, 0x00, 0x00, 0x00, 0x00, 0x00,
  0x00, 0x00, 0x00, 0x00, 0x00, 0x00, 0x00, 0x00, 0x00, 0x00, 0x00, 0x00, 0x00, 0x00, 0x00, 0x00,
  0x5e, 0x3e, 0x24, 0xff, 0x5e, 0x3e, 0x24, 0xff, 0x5e, 0x3e, 0x24, 0xff, 0x5e, 0x3e, 0x24, 0xff,
  0x5e, 0x3e, 0x24, 0xff, 0x5e, 0x3e, 0x24, 0xff, 0x5e, 0x3e, 0x24, 0xff, 0x5e, 0x3e, 0x24, 0xff,
  0x5e, 0x3e, 0x24, 0xff, 0x5e, 0x3e, 0x24, 0xff, 0x5e, 0x3e, 0x24, 0xff, 0x5e, 0x3e, 0x24, 0xff,
  0x5e, 0x3e, 0x24, 0xff, 0x5e, 0x3e, 0x24, 0xff, 0x5e, 0x3e, 0x24, 0xff, 0x5e, 0x3e, 0x24, 0xff,
  0x00, 0x00, 0x00, 0x00, 0x00, 0x00, 0x00, 0x00, 0x00, 0x00, 0x00, 0x00, 0x00, 0x00, 0x00, 0x00,
  0x00, 0x00, 0x00, 0x00, 0x00, 0x00, 0x00, 0x00, 0x00, 0x00, 0x00, 0x00, 0x00, 0x00, 0x00, 0x00,
  0x00, 0x00, 0x00, 0x00, 0x00, 0x00, 0x00, 0x00, 0x00, 0x00, 0x00, 0x00, 0x00, 0x00, 0x00, 0x00,
  0x00, 0x00, 0x00, 0x00, 0x00, 0x00, 0x00, 0x00, 0x00, 0x00, 0x00, 0x00, 0x00, 0x00, 0x00, 0x00,
  0x00, 0x00, 0x00, 0x00, 0x00, 0x00, 0x00, 0x00, 0x00, 0x00, 0x00, 0x00, 0x00, 0x00, 0x00, 0x00,
  0x00, 0x00, 0x00, 0x00, 0x00, 0x00, 0x00, 0x00, 0x00, 0x00, 0x00, 0x00, 0x00, 0x00, 0x00, 0x00,
  0x00, 0x00, 0x00, 0x00, 0x00, 0x00, 0x00, 0x00, 0x00, 0x00, 0x00, 0x00, 0x00, 0x00, 0x00, 0x00,
  0x00, 0x00, 0x00, 0x00, 0x00, 0x00, 0x00, 0x00, 0x00, 0x00, 0x00, 0x00, 0x00, 0x00, 0x00, 0x00,
  0x00, 0x00, 0x00, 0x00, 0x00, 0x00, 0x00, 0x00, 0x00, 0x00, 0x00, 0x00, 0x00, 0x00, 0x00, 0x00,
  0x00, 0x00, 0x00, 0x00, 0x00, 0x00, 0x00, 0x00, 0x00, 0x00, 0x00, 0x00, 0x00, 0x00, 0x00, 0x00,
  0x00, 0x00, 0x00, 0x00, 0x00, 0x00, 0x00, 0x00, 0x00, 0x00, 0x00, 0x00, 0x00, 0x00, 0x00, 0x00,
  0x00, 0x00, 0x00, 0x00, 0x00, 0x00, 0x00, 0x00, 0x00, 0x00, 0x00, 0x00, 0x00, 0x00, 0x00, 0x00,
  0x5e, 0x3e, 0x24, 0xff, 0x5e, 0x3e, 0x24, 0xff, 0x5e, 0x3e, 0x24, 0xff, 0x5e, 0x3e, 0x24, 0xff,
  0x5e, 0x3e, 0x24, 0xff, 0x5e, 0x3e, 0x24, 0xff, 0x5e, 0x3e, 0x24, 0xff, 0x5e, 0x3e, 0x24, 0xff,
  0x5e, 0x3e, 0x24, 0xff, 0x5e, 0x3e, 0x24, 0xff, 0x5e, 0x3e, 0x24, 0xff, 0x5e, 0x3e, 0x24, 0xff,
  0x5e, 0x3e, 0x24, 0xff, 0x5e, 0x3e, 0x24, 0xff, 0x5e, 0x3e, 0x24, 0xff, 0x5e, 0x3e, 0x24, 0xff,
  0x00, 0x00, 0x00, 0x00, 0x00, 0x00, 0x00, 0x00, 0x00, 0x00, 0x00, 0x00, 0x00, 0x00, 0x00, 0x00,
  0x00, 0x00, 0x00, 0x00, 0x00, 0x00, 0x00, 0x00, 0x00, 0x00, 0x00, 0x00, 0x00, 0x00, 0x00, 0x00,
  0x00, 0x00, 0x00, 0x00, 0x00, 0x00, 0x00, 0x00, 0x00, 0x00, 0x00, 0x00, 0x00, 0x00, 0x00, 0x00,
  0x00, 0x00, 0x00, 0x00, 0x00, 0x00, 0x00, 0x00, 0x00, 0x00, 0x00, 0x00, 0x00, 0x00, 0x00, 0x00,
  0x00, 0x00, 0x00, 0x00, 0x00, 0x00, 0x00, 0x00, 0x00, 0x00, 0x00, 0x00, 0x00, 0x00, 0x00, 0x00,
  0x00, 0x00, 0x00, 0x00, 0x00, 0x00, 0x00, 0x00, 0x00, 0x00, 0x00, 0x00, 0x00, 0x00, 0x00, 0x00,
  0x00, 0x00, 0x00, 0x00, 0x00, 0x00, 0x00, 0x00, 0x00, 0x00, 0x00, 0x00, 0x00, 0x00, 0x00, 0x00,
  0x00, 0x00, 0x00, 0x00, 0x00, 0x00, 0x00, 0x00, 0x00, 0x00, 0x00, 0x00, 0x00, 0x00, 0x00, 0x00,
  0x00, 0x00, 0x00, 0x00, 0x00, 0x00, 0x00, 0x00, 0x00, 0x00, 0x00, 0x00, 0x00, 0x00, 0x00, 0x00,
  0x00, 0x00, 0x00, 0x00, 0x00, 0x00, 0x00, 0x00, 0x00, 0x00, 0x00, 0x00, 0x00, 0x00, 0x00, 0x00,
  0x00, 0x00, 0x00, 0x00, 0x00, 0x00, 0x00, 0x00, 0x00, 0x00, 0x00, 0x00, 0x00, 0x00, 0x00, 0x00,
  0x00, 0x00, 0x00, 0x00, 0x00, 0x00, 0x00, 0x00, 0x00, 0x00, 0x00, 0x00, 0x00, 0x00, 0x00, 0x00,
  0x5e, 0x3e, 0x24, 0xff, 0x5e, 0x3e, 0x24, 0xff, 0x5e, 0x3e, 0x24, 0xff, 0x5e, 0x3e, 0x24, 0xff,
  0x5e, 0x3e, 0x24, 0xff, 0x5e, 0x3e, 0x24, 0xff, 0x5e, 0x3e, 0x24, 0xff, 0x5e, 0x3e, 0x24, 0xff,
  0x5e, 0x3e, 0x24, 0xff, 0x5e, 0x3e, 0x24, 0xff, 0x5e, 0x3e, 0x24, 0xff, 0x5e, 0x3e, 0x24, 0xff,
  0x5e, 0x3e, 0x24, 0xff, 0x5e, 0x3e, 0x24, 0xff, 0x5e, 0x3e, 0x24, 0xff, 0x5e, 0x3e, 0x24, 0xff,
  0x00, 0x00, 0x00, 0x00, 0x00, 0x00, 0x00, 0x00, 0x00, 0x00, 0x00, 0x00, 0x00, 0x00, 0x00, 0x00,
  0x00, 0x00, 0x00, 0x00, 0x00, 0x00, 0x00, 0x00, 0x00, 0x00, 0x00, 0x00, 0x00, 0x00, 0x00, 0x00,
  0x00, 0x00, 0x00, 0x00, 0x00, 0x00, 0x00, 0x00, 0x00, 0x00, 0x00, 0x00, 0x00, 0x00, 0x00, 0x00,
  0x00, 0x00, 0x00, 0x00, 0x00, 0x00, 0x00, 0x00, 0x00, 0x00, 0x00, 0x00, 0x00, 0x00, 0x00, 0x00,
  0x00, 0x00, 0x00, 0x00, 0x00, 0x00, 0x00, 0x00, 0x00, 0x00, 0x00, 0x00, 0x00, 0x00, 0x00, 0x00,
  0x00, 0x00, 0x00, 0x00, 0x00, 0x00, 0x00, 0x00, 0x00, 0x00, 0x00, 0x00, 0x00, 0x00, 0x00, 0x00,
  0x00, 0x00, 0x00, 0x00, 0x00, 0x00, 0x00, 0x00, 0x00, 0x00, 0x00, 0x00, 0x00, 0x00, 0x00, 0x00,
  0x00, 0x00, 0x00, 0x00, 0x00, 0x00, 0x00, 0x00, 0x00, 0x00, 0x00, 0x00, 0x00, 0x00, 0x00, 0x00,
  0x00, 0x00, 0x00, 0x00, 0x00, 0x00, 0x00, 0x00, 0x00, 0x00, 0x00, 0x00, 0x00, 0x00, 0x00, 0x00,
  0x00, 0x00, 0x00, 0x00, 0x00, 0x00, 0x00, 0x00, 0x00, 0x00, 0x00, 0x00, 0x00, 0x00, 0x00, 0x00,
  0x5e, 0x3e, 0x24, 0xff, 0x5e, 0x3e, 0x24, 0xff, 0x5e, 0x3e, 0x24, 0xff, 0x5e, 0x3e, 0x24, 0xff,
  0x5e, 0x3e, 0x24, 0xff, 0x5e, 0x3e, 0x24, 0xff, 0x5e, 0x3e, 0x24, 0xff, 0x5e, 0x3e, 0x24, 0xff,
  0x5e, 0x3e, 0x24, 0xff, 0x5e, 0x3e, 0x24, 0xff, 0x5e, 0x3e, 0x24, 0xff, 0x5e, 0x3e, 0x24, 0xff,
  0x5e, 0x3e, 0x24, 0xff, 0x5e, 0x3e, 0x24, 0xff, 0x5e, 0x3e, 0x24, 0xff, 0x5e, 0x3e, 0x24, 0xff,
  0x5e, 0x3e, 0x24, 0xff, 0x5e, 0x3e, 0x24, 0xff, 0x5e, 0x3e, 0x24, 0xff, 0x5e, 0x3e, 0x24, 0xff,
  0x5e, 0x3e, 0x24, 0xff, 0x5e, 0x3e, 0x24, 0xff, 0x5e, 0x3e, 0x24, 0xff, 0x5e, 0x3e, 0x24, 0xff,
  0x5e, 0x3e, 0x24, 0xff, 0x5e, 0x3e, 0x24, 0xff, 0x5e, 0x3e, 0x24, 0xff, 0x5e, 0x3e, 0x24, 0xff,
  0x5e, 0x3e, 0x24, 0xff, 0x5e, 0x3e, 0x24, 0xff, 0x5e, 0x3e, 0x24, 0xff, 0x5e, 0x3e, 0x24, 0xff,
  0x00, 0x00, 0x00, 0x00, 0x00, 0x00, 0x00, 0x00, 0x00, 0x00, 0x00, 0x00, 0x00, 0x00, 0x00, 0x00,
  0x00, 0x00, 0x00, 0x00, 0x00, 0x00, 0x00, 0x00, 0x00, 0x00, 0x00, 0x00, 0x00, 0x00, 0x00, 0x00,
  0x00, 0x00, 0x00, 0x00, 0x00, 0x00, 0x00, 0x00, 0x00, 0x00, 0x00, 0x00, 0x00, 0x00, 0x00, 0x00,
  0x00, 0x00, 0x00, 0x00, 0x00, 0x00, 0x00, 0x00, 0x00, 0x00, 0x00, 0x00, 0x00, 0x00, 0x00, 0x00,
  0x00, 0x00, 0x00, 0x00, 0x00, 0x00, 0x00, 0x00, 0x00, 0x00, 0x00, 0x00, 0x00, 0x00, 0x00, 0x00,
  0x00, 0x00, 0x00, 0x00, 0x00, 0x00, 0x00, 0x00, 0x00, 0x00, 0x00, 0x00, 0x00, 0x00, 0x00, 0x00,
  0x00, 0x00, 0x00, 0x00, 0x00, 0x00, 0x00, 0x00, 0x00, 0x00, 0x00, 0x00, 0x00, 0x00, 0x00, 0x00,
  0x00, 0x00, 0x00, 0x00, 0x00, 0x00, 0x00, 0x00, 0x00, 0x00, 0x00, 0x00, 0x00, 0x00, 0x00, 0x00,
  0x5e, 0x3e, 0x24, 0xff, 0x5e, 0x3e, 0x24, 0xff, 0x5e, 0x3e, 0x24, 0xff, 0x5e, 0x3e, 0x24, 0xff,
  0x5e, 0x3e, 0x24, 0xff, 0x5e, 0x3e, 0x24, 0xff, 0x5e, 0x3e, 0x24, 0xff, 0x5e, 0x3e, 0x24, 0xff,
  0x5e, 0x3e, 0x24, 0xff, 0x5e, 0x3e, 0x24, 0xff, 0x5e, 0x3e, 0x24, 0xff, 0x5e, 0x3e, 0x24, 0xff,
  0x5e, 0x3e, 0x24, 0xff, 0x5e, 0x3e, 0x24, 0xff, 0x5e, 0x3e, 0x24, 0xff, 0x5e, 0x3e, 0x24, 0xff,
  0x5e, 0x3e, 0x24, 0xff, 0x5e, 0x3e, 0x24, 0xff, 0x5e, 0x3e, 0x24, 0xff, 0x5e, 0x3e, 0x24, 0xff,
  0x5e, 0x3e, 0x24, 0xff, 0x5e, 0x3e, 0x24, 0xff, 0x5e, 0x3e, 0x24, 0xff, 0x5e, 0x3e, 0x24, 0xff,
  0x5e, 0x3e, 0x24, 0xff, 0x5e, 0x3e, 0x24, 0xff, 0x5e, 0x3e, 0x24, 0xff, 0x5e, 0x3e, 0x24, 0xff,
  0x5e, 0x3e, 0x24, 0xff, 0x5e, 0x3e, 0x24, 0xff, 0x5e, 0x3e, 0x24, 0xff, 0x5e, 0x3e, 0x24, 0xff,
  0x00, 0x00, 0x00, 0x00, 0x00, 0x00, 0x00, 0x00, 0x00, 0x00, 0x00, 0x00, 0x00, 0x00, 0x00, 0x00,
  0x00, 0x00, 0x00, 0x00, 0x00, 0x00, 0x00, 0x00, 0x00, 0x00, 0x00, 0x00, 0x00, 0x00, 0x00, 0x00,
  0x00, 0x00, 0x00, 0x00, 0x00, 0x00, 0x00, 0x00, 0x00, 0x00, 0x00, 0x00, 0x00, 0x00, 0x00, 0x00,
  0x00, 0x00, 0x00, 0x00, 0x00, 0x00, 0x00, 0x00, 0x00, 0x00, 0x00, 0x00, 0x00, 0x00, 0x00, 0x00,
  0x00, 0x00, 0x00, 0x00, 0x00, 0x00, 0x00, 0x00, 0x00, 0x00, 0x00, 0x00, 0x00, 0x00, 0x00, 0x00,
  0x00, 0x00, 0x00, 0x00, 0x00, 0x00, 0x00, 0x00, 0x00, 0x00, 0x00, 0x00, 0x00, 0x00, 0x00, 0x00,
  0x00, 0x00, 0x00, 0x00, 0x00, 0x00, 0x00, 0x00, 0x00, 0x00, 0x00, 0x00, 0x00, 0x00, 0x00, 0x00,
  0x00, 0x00, 0x00, 0x00, 0x00, 0x00, 0x00, 0x00, 0x00, 0x00, 0x00, 0x00, 0x00, 0x00, 0x00, 0x00,
  0x5e, 0x3e, 0x24, 0xff, 0x5e, 0x3e, 0x24, 0xff, 0x5e, 0x3e, 0x24, 0xff, 0x5e, 0x3e, 0x24, 0xff,
  0x5e, 0x3e, 0x24, 0xff, 0x5e, 0x3e, 0x24, 0xff, 0x5e, 0x3e, 0x24, 0xff, 0x5e, 0x3e, 0x24, 0xff,
  0xe0, 0xae, 0x83, 0xff, 0xe0, 0xae, 0x83, 0xff, 0xe0, 0xae, 0x83, 0xff, 0xe0, 0xae, 0x83, 0xff,
  0xe0, 0xae, 0x83, 0xff, 0xe0, 0xae, 0x83, 0xff, 0xe0, 0xae, 0x83, 0xff, 0xe0, 0xae, 0x83, 0xff,
  0x5e, 0x3e, 0x24, 0xff, 0x5e, 0x3e, 0x24, 0xff, 0x5e, 0x3e, 0x24, 0xff, 0x5e, 0x3e, 0x24, 0xff,
  0x5e, 0x3e, 0x24, 0xff, 0x5e, 0x3e, 0x24, 0xff, 0x5e, 0x3e, 0x24, 0xff, 0x5e, 0x3e, 0x24, 0xff,
  0x5e, 0x3e, 0x24, 0xff, 0x5e, 0x3e, 0x24, 0xff, 0x5e, 0x3e, 0x24, 0xff, 0x5e, 0x3e, 0x24, 0xff,
  0x5e, 0x3e, 0x24, 0xff, 0x5e, 0x3e, 0x24, 0xff, 0x5e, 0x3e, 0x24, 0xff, 0x5e, 0x3e, 0x24, 0xff,
  0x00, 0x00, 0x00, 0x00, 0x00, 0x00, 0x00, 0x00, 0x00, 0x00, 0x00, 0x00, 0x00, 0x00, 0x00, 0x00,
  0x00, 0x00, 0x00, 0x00, 0x00, 0x00, 0x00, 0x00, 0x00, 0x00, 0x00, 0x00, 0x00, 0x00, 0x00, 0x00,
  0x00, 0x00, 0x00, 0x00, 0x00, 0x00, 0x00, 0x00, 0x00, 0x00, 0x00, 0x00, 0x00, 0x00, 0x00, 0x00,
  0x00, 0x00, 0x00, 0x00, 0x00, 0x00, 0x00, 0x00, 0x00, 0x00, 0x00, 0x00, 0x00, 0x00, 0x00, 0x00,
  0x00, 0x00, 0x00, 0x00, 0x00, 0x00, 0x00, 0x00, 0x00, 0x00, 0x00, 0x00, 0x00, 0x00, 0x00, 0x00,
  0x00, 0x00, 0x00, 0x00, 0x00, 0x00, 0x00, 0x00, 0x00, 0x00, 0x00, 0x00, 0x00, 0x00, 0x00, 0x00,
  0x00, 0x00, 0x00, 0x00, 0x00, 0x00, 0x00, 0x00, 0x00, 0x00, 0x00, 0x00, 0x00, 0x00, 0x00, 0x00,
  0x00, 0x00, 0x00, 0x00, 0x00, 0x00, 0x00, 0x00, 0x00, 0x00, 0x00, 0x00, 0x00, 0x00, 0x00, 0x00,
  0x5e, 0x3e, 0x24, 0xff, 0x5e, 0x3e, 0x24, 0xff, 0x5e, 0x3e, 0x24, 0xff, 0x5e, 0x3e, 0x24, 0xff,
  0x5e, 0x3e, 0x24, 0xff, 0x5e, 0x3e, 0x24, 0xff, 0x5e, 0x3e, 0x24, 0xff, 0x5e, 0x3e, 0x24, 0xff,
  0xe0, 0xae, 0x83, 0xff, 0xe0, 0xae, 0x83, 0xff, 0xe0, 0xae, 0x83, 0xff, 0xe0, 0xae, 0x83, 0xff,
  0xe0, 0xae, 0x83, 0xff, 0xe0, 0xae, 0x83, 0xff, 0xe0, 0xae, 0x83, 0xff, 0xe0, 0xae, 0x83, 0xff,
  0x5e, 0x3e, 0x24, 0xff, 0x5e, 0x3e, 0x24, 0xff, 0x5e, 0x3e, 0x24, 0xff, 0x5e, 0x3e, 0x24, 0xff,
  0x5e, 0x3e, 0x24, 0xff, 0x5e, 0x3e, 0x24, 0xff, 0x5e, 0x3e, 0x24, 0xff, 0x5e, 0x3e, 0x24, 0xff,
  0x5e, 0x3e, 0x24, 0xff, 0x5e, 0x3e, 0x24, 0xff, 0x5e, 0x3e, 0x24, 0xff, 0x5e, 0x3e, 0x24, 0xff,
  0x5e, 0x3e, 0x24, 0xff, 0x5e, 0x3e, 0x24, 0xff, 0x5e, 0x3e, 0x24, 0xff, 0x5e, 0x3e, 0x24, 0xff,
  0x00, 0x00, 0x00, 0x00, 0x00, 0x00, 0x00, 0x00, 0x00, 0x00, 0x00, 0x00, 0x00, 0x00, 0x00, 0x00,
  0x00, 0x00, 0x00, 0x00, 0x00, 0x00, 0x00, 0x00, 0x00, 0x00, 0x00, 0x00, 0x00, 0x00, 0x00, 0x00,
  0x00, 0x00, 0x00, 0x00, 0x00, 0x00, 0x00, 0x00, 0x00, 0x00, 0x00, 0x00, 0x00, 0x00, 0x00, 0x00,
  0x00, 0x00, 0x00, 0x00, 0x00, 0x00, 0x00, 0x00, 0x00, 0x00, 0x00, 0x00, 0x00, 0x00, 0x00, 0x00,
  0x00, 0x00, 0x00, 0x00, 0x00, 0x00, 0x00, 0x00, 0x00, 0x00, 0x00, 0x00, 0x00, 0x00, 0x00, 0x00,
  0x00, 0x00, 0x00, 0x00, 0x00, 0x00, 0x00, 0x00, 0x00, 0x00, 0x00, 0x00, 0x00, 0x00, 0x00, 0x00,
  0x00, 0x00, 0x00, 0x00, 0x00, 0x00, 0x00, 0x00, 0x00, 0x00, 0x00, 0x00, 0x00, 0x00, 0x00, 0x00,
  0x00, 0x00, 0x00, 0x00, 0x00, 0x00, 0x00, 0x00, 0x00, 0x00, 0x00, 0x00, 0x00, 0x00, 0x00, 0x00,
  0x5e, 0x3e, 0x24, 0xff, 0x5e, 0x3e, 0x24, 0xff, 0x5e, 0x3e, 0x24, 0xff, 0x5e, 0x3e, 0x24, 0xff,
  0x5e, 0x3e, 0x24, 0xff, 0x5e, 0x3e, 0x24, 0xff, 0x5e, 0x3e, 0x24, 0xff, 0x5e, 0x3e, 0x24, 0xff,
  0xe0, 0xae, 0x83, 0xff, 0xe0, 0xae, 0x83, 0xff, 0x28, 0x1e, 0x1a, 0xff, 0xe0, 0xae, 0x83, 0xff,
  0xe0, 0xae, 0x83, 0xff, 0x28, 0x1e, 0x1a, 0xff, 0xe0, 0xae, 0x83, 0xff, 0xe0, 0xae, 0x83, 0xff,
  0x5e, 0x3e, 0x24, 0xff, 0x5e, 0x3e, 0x24, 0xff, 0x5e, 0x3e, 0x24, 0xff, 0x5e, 0x3e, 0x24, 0xff,
  0x5e, 0x3e, 0x24, 0xff, 0x5e, 0x3e, 0x24, 0xff, 0x5e, 0x3e, 0x24, 0xff, 0x5e, 0x3e, 0x24, 0xff,
  0x5e, 0x3e, 0x24, 0xff, 0x5e, 0x3e, 0x24, 0xff, 0x5e, 0x3e, 0x24, 0xff, 0x5e, 0x3e, 0x24, 0xff,
  0x5e, 0x3e, 0x24, 0xff, 0x5e, 0x3e, 0x24, 0xff, 0x5e, 0x3e, 0x24, 0xff, 0x5e, 0x3e, 0x24, 0xff,
  0x00, 0x00, 0x00, 0x00, 0x00, 0x00, 0x00, 0x00, 0x00, 0x00, 0x00, 0x00, 0x00, 0x00, 0x00, 0x00,
  0x00, 0x00, 0x00, 0x00, 0x00, 0x00, 0x00, 0x00, 0x00, 0x00, 0x00, 0x00, 0x00, 0x00, 0x00, 0x00,
  0x00, 0x00, 0x00, 0x00, 0x00, 0x00, 0x00, 0x00, 0x00, 0x00, 0x00, 0x00, 0x00, 0x00, 0x00, 0x00,
  0x00, 0x00, 0x00, 0x00, 0x00, 0x00, 0x00, 0x00, 0x00, 0x00, 0x00, 0x00, 0x00, 0x00, 0x00, 0x00,
  0x00, 0x00, 0x00, 0x00, 0x00, 0x00, 0x00, 0x00, 0x00, 0x00, 0x00, 0x00, 0x00, 0x00, 0x00, 0x00,
  0x00, 0x00, 0x00, 0x00, 0x00, 0x00, 0x00, 0x00, 0x00, 0x00, 0x00, 0x00, 0x00, 0x00, 0x00, 0x00,
  0x00, 0x00, 0x00, 0x00, 0x00, 0x00, 0x00, 0x00, 0x00, 0x00, 0x00, 0x00, 0x00, 0x00, 0x00, 0x00,
  0x00, 0x00, 0x00, 0x00, 0x00, 0x00, 0x00, 0x00, 0x00, 0x00, 0x00, 0x00, 0x00, 0x00, 0x00, 0x00,
  0x5e, 0x3e, 0x24, 0xff, 0x5e, 0x3e, 0x24, 0xff, 0x5e, 0x3e, 0x24, 0xff, 0x5e, 0x3e, 0x24, 0xff,
  0x5e, 0x3e, 0x24, 0xff, 0x5e, 0x3e, 0x24, 0xff, 0x5e, 0x3e, 0x24, 0xff, 0x5e, 0x3e, 0x24, 0xff,
  0xe0, 0xae, 0x83, 0xff, 0xe0, 0xae, 0x83, 0xff, 0xe0, 0xae, 0x83, 0xff, 0xe0, 0xae, 0x83, 0xff,
  0xe0, 0xae, 0x83, 0xff, 0xe0, 0xae, 0x83, 0xff, 0xe0, 0xae, 0x83, 0xff, 0xe0, 0xae, 0x83, 0xff,
  0x5e, 0x3e, 0x24, 0xff, 0x5e, 0x3e, 0x24, 0xff, 0x5e, 0x3e, 0x24, 0xff, 0x5e, 0x3e, 0x24, 0xff,
  0x5e, 0x3e, 0x24, 0xff, 0x5e, 0x3e, 0x24, 0xff, 0x5e, 0x3e, 0x24, 0xff, 0x5e, 0x3e, 0x24, 0xff,
  0x5e, 0x3e, 0x24, 0xff, 0x5e, 0x3e, 0x24, 0xff, 0x5e, 0x3e, 0x24, 0xff, 0x5e, 0x3e, 0x24, 0xff,
  0x5e, 0x3e, 0x24, 0xff, 0x5e, 0x3e, 0x24, 0xff, 0x5e, 0x3e, 0x24, 0xff, 0x5e, 0x3e, 0x24, 0xff,
  0x00, 0x00, 0x00, 0x00, 0x00, 0x00, 0x00, 0x00, 0x00, 0x00, 0x00, 0x00, 0x00, 0x00, 0x00, 0x00,
  0x00, 0x00, 0x00, 0x00, 0x00, 0x00, 0x00, 0x00, 0x00, 0x00, 0x00, 0x00, 0x00, 0x00, 0x00, 0x00,
  0x00, 0x00, 0x00, 0x00, 0x00, 0x00, 0x00, 0x00, 0x00, 0x00, 0x00, 0x00, 0x00, 0x00, 0x00, 0x00,
  0x00, 0x00, 0x00, 0x00, 0x00, 0x00, 0x00, 0x00, 0x00, 0x00, 0x00, 0x00, 0x00, 0x00, 0x00, 0x00,
  0x00, 0x00, 0x00, 0x00, 0x00, 0x00, 0x00, 0x00, 0x00, 0x00, 0x00, 0x00, 0x00, 0x00, 0x00, 0x00,
  0x00, 0x00, 0x00, 0x00, 0x00, 0x00, 0x00, 0x00, 0x00, 0x00, 0x00, 0x00, 0x00, 0x00, 0x00, 0x00,
  0x00, 0x00, 0x00, 0x00, 0x00, 0x00, 0x00, 0x00, 0x00, 0x00, 0x00, 0x00, 0x00, 0x00, 0x00, 0x00,
  0x00, 0x00, 0x00, 0x00, 0x00, 0x00, 0x00, 0x00, 0x00, 0x00, 0x00, 0x00, 0x00, 0x00, 0x00, 0x00,
  0x5e, 0x3e, 0x24, 0xff, 0x5e, 0x3e, 0x24, 0xff, 0x5e, 0x3e, 0x24, 0xff, 0x5e, 0x3e, 0x24, 0xff,
  0x5e, 0x3e, 0x24, 0xff, 0x5e, 0x3e, 0x24, 0xff, 0x5e, 0x3e, 0x24, 0xff, 0x5e, 0x3e, 0x24, 0xff,
  0xe0, 0xae, 0x83, 0xff, 0xe0, 0xae, 0x83, 0xff, 0x8c, 0x56, 0x3c, 0xff, 0x8c, 0x56, 0x3c, 0xff,
  0x8c, 0x56, 0x3c, 0xff, 0x8c, 0x56, 0x3c, 0xff, 0xe0, 0xae, 0x83, 0xff, 0xe0, 0xae, 0x83, 0xff,
  0x5e, 0x3e, 0x24, 0xff, 0x5e, 0x3e, 0x24, 0xff, 0x5e, 0x3e, 0x24, 0xff, 0x5e, 0x3e, 0x24, 0xff,
  0x5e, 0x3e, 0x24, 0xff, 0x5e, 0x3e, 0x24, 0xff, 0x5e, 0x3e, 0x24, 0xff, 0x5e, 0x3e, 0x24, 0xff,
  0x5e, 0x3e, 0x24, 0xff, 0x5e, 0x3e, 0x24, 0xff, 0x5e, 0x3e, 0x24, 0xff, 0x5e, 0x3e, 0x24, 0xff,
  0x5e, 0x3e, 0x24, 0xff, 0x5e, 0x3e, 0x24, 0xff, 0x5e, 0x3e, 0x24, 0xff, 0x5e, 0x3e, 0x24, 0xff,
  0x00, 0x00, 0x00, 0x00, 0x00, 0x00, 0x00, 0x00, 0x00, 0x00, 0x00, 0x00, 0x00, 0x00, 0x00, 0x00,
  0x00, 0x00, 0x00, 0x00, 0x00, 0x00, 0x00, 0x00, 0x00, 0x00, 0x00, 0x00, 0x00, 0x00, 0x00, 0x00,
  0x00, 0x00, 0x00, 0x00, 0x00, 0x00, 0x00, 0x00, 0x00, 0x00, 0x00, 0x00, 0x00, 0x00, 0x00, 0x00,
  0x00, 0x00, 0x00, 0x00, 0x00, 0x00, 0x00, 0x00, 0x00, 0x00, 0x00, 0x00, 0x00, 0x00, 0x00, 0x00,
  0x00, 0x00, 0x00, 0x00, 0x00, 0x00, 0x00, 0x00, 0x00, 0x00, 0x00, 0x00, 0x00, 0x00, 0x00, 0x00,
  0x00, 0x00, 0x00, 0x00, 0x00, 0x00, 0x00, 0x00, 0x00, 0x00, 0x00, 0x00, 0x00, 0x00, 0x00, 0x00,
  0x00, 0x00, 0x00, 0x00, 0x00, 0x00, 0x00, 0x00, 0x00, 0x00, 0x00, 0x00, 0x00, 0x00, 0x00, 0x00,
  0x00, 0x00, 0x00, 0x00, 0x00, 0x00, 0x00, 0x00, 0x00, 0x00, 0x00, 0x00, 0x00, 0x00, 0x00, 0x00,
  0x5e, 0x3e, 0x24, 0xff, 0x5e, 0x3e, 0x24, 0xff, 0x5e, 0x3e, 0x24, 0xff, 0x5e, 0x3e, 0x24, 0xff,
  0x5e, 0x3e, 0x24, 0xff, 0x5e, 0x3e, 0x24, 0xff, 0x5e, 0x3e, 0x24, 0xff, 0x5e, 0x3e, 0x24, 0xff,
  0xe0, 0xae, 0x83, 0xff, 0xe0, 0xae, 0x83, 0xff, 0xe0, 0xae, 0x83, 0xff, 0xe0, 0xae, 0x83, 0xff,
  0xe0, 0xae, 0x83, 0xff, 0xe0, 0xae, 0x83, 0xff, 0xe0, 0xae, 0x83, 0xff, 0xe0, 0xae, 0x83, 0xff,
  0x5e, 0x3e, 0x24, 0xff, 0x5e, 0x3e, 0x24, 0xff, 0x5e, 0x3e, 0x24, 0xff, 0x5e, 0x3e, 0x24, 0xff,
  0x5e, 0x3e, 0x24, 0xff, 0x5e, 0x3e, 0x24, 0xff, 0x5e, 0x3e, 0x24, 0xff, 0x5e, 0x3e, 0x24, 0xff,
  0x5e, 0x3e, 0x24, 0xff, 0x5e, 0x3e, 0x24, 0xff, 0x5e, 0x3e, 0x24, 0xff, 0x5e, 0x3e, 0x24, 0xff,
  0x5e, 0x3e, 0x24, 0xff, 0x5e, 0x3e, 0x24, 0xff, 0x5e, 0x3e, 0x24, 0xff, 0x5e, 0x3e, 0x24, 0xff,
  0x00, 0x00, 0x00, 0x00, 0x00, 0x00, 0x00, 0x00, 0x00, 0x00, 0x00, 0x00, 0x00, 0x00, 0x00, 0x00,
  0x00, 0x00, 0x00, 0x00, 0x00, 0x00, 0x00, 0x00, 0x00, 0x00, 0x00, 0x00, 0x00, 0x00, 0x00, 0x00,
  0x00, 0x00, 0x00, 0x00, 0x00, 0x00, 0x00, 0x00, 0x00, 0x00, 0x00, 0x00, 0x00, 0x00, 0x00, 0x00,
  0x00, 0x00, 0x00, 0x00, 0x00, 0x00, 0x00, 0x00, 0x00, 0x00, 0x00, 0x00, 0x00, 0x00, 0x00, 0x00,
  0x00, 0x00, 0x00, 0x00, 0x00, 0x00, 0x00, 0x00, 0x00, 0x00, 0x00, 0x00, 0x00, 0x00, 0x00, 0x00,
  0x00, 0x00, 0x00, 0x00, 0x00, 0x00, 0x00, 0x00, 0x00, 0x00, 0x00, 0x00, 0x00, 0x00, 0x00, 0x00,
  0x00, 0x00, 0x00, 0x00, 0x00, 0x00, 0x00, 0x00, 0x00, 0x00, 0x00, 0x00, 0x00, 0x00, 0x00, 0x00,
  0x00, 0x00, 0x00, 0x00, 0x00, 0x00, 0x00, 0x00, 0x00, 0x00, 0x00, 0x00, 0x00, 0x00, 0x00, 0x00,
  0x00, 0x00, 0x00, 0x00, 0x00, 0x00, 0x00, 0x00, 0x00, 0x00, 0x00, 0x00, 0x00, 0x00, 0x00, 0x00,
  0x46, 0x46, 0x94, 0xff, 0x46, 0x46, 0x94, 0xff, 0x46, 0x46, 0x94, 0xff, 0x46, 0x46, 0x94, 0xff,
  0x46, 0x46, 0x94, 0xff, 0x46, 0x46, 0x94, 0xff, 0x46, 0x46, 0x94, 0xff, 0x46, 0x46, 0x94, 0xff,
  0x00, 0x00, 0x00, 0x00, 0x00, 0x00, 0x00, 0x00, 0x00, 0x00, 0x00, 0x00, 0x00, 0x00, 0x00, 0x00,
  0x00, 0x00, 0x00, 0x00, 0x00, 0x00, 0x00, 0x00, 0x00, 0x00, 0x00, 0x00, 0x00, 0x00, 0x00, 0x00,
  0x38, 0xa0, 0xa4, 0xff, 0x38, 0xa0, 0xa4, 0xff, 0x38, 0xa0, 0xa4, 0xff, 0x38, 0xa0, 0xa4, 0xff,
  0x38, 0xa0, 0xa4, 0xff, 0x38, 0xa0, 0xa4, 0xff, 0x38, 0xa0, 0xa4, 0xff, 0x38, 0xa0, 0xa4, 0xff,
  0x38, 0xa0, 0xa4, 0xff, 0x38, 0xa0, 0xa4, 0xff, 0x38, 0xa0, 0xa4, 0xff, 0x38, 0xa0, 0xa4, 0xff,
  0x38, 0xa0, 0xa4, 0xff, 0x38, 0xa0, 0xa4, 0xff, 0x38, 0xa0, 0xa4, 0xff, 0x38, 0xa0, 0xa4, 0xff,
  0x00, 0x00, 0x00, 0x00, 0x00, 0x00, 0x00, 0x00, 0x00, 0x00, 0x00, 0x00, 0x00, 0x00, 0x00, 0x00,
  0x00, 0x00, 0x00, 0x00, 0x00, 0x00, 0x00, 0x00, 0x00, 0x00, 0x00, 0x00, 0x00, 0x00, 0x00, 0x00,
  0x38, 0xa0, 0xa4, 0xff, 0x38, 0xa0, 0xa4, 0xff, 0x38, 0xa0, 0xa4, 0xff, 0x38, 0xa0, 0xa4, 0xff,
  0x38, 0xa0, 0xa4, 0xff, 0x12, 0x12, 0x18, 0xff, 0x12, 0x12, 0x18, 0xff, 0x12, 0x12, 0x18, 0xff,
  0x12, 0x12, 0x18, 0xff, 0x12, 0x12, 0x18, 0xff, 0x12, 0x12, 0x18, 0xff, 0x12, 0x12, 0x18, 0xff,
  0x12, 0x12, 0x18, 0xff, 0x12, 0x12, 0x18, 0xff, 0x12, 0x12, 0x18, 0xff, 0x12, 0x12, 0x18, 0xff,
  0x12, 0x12, 0x18, 0xff, 0x00, 0x00, 0x00, 0x00, 0x00, 0x00, 0x00, 0x00, 0x00, 0x00, 0x00, 0x00,
  0x00, 0x00, 0x00, 0x00, 0x00, 0x00, 0x00, 0x00, 0x00, 0x00, 0x00, 0x00, 0x00, 0x00, 0x00, 0x00,
  0x46, 0x46, 0x94, 0xff, 0x46, 0x46, 0x94, 0xff, 0x46, 0x46, 0x94, 0xff, 0x46, 0x46, 0x94, 0xff,
  0x46, 0x46, 0x94, 0xff, 0x46, 0x46, 0x94, 0xff, 0x46, 0x46, 0x94, 0xff, 0x46, 0x46, 0x94, 0xff,
  0x00, 0x00, 0x00, 0x00, 0x00, 0x00, 0x00, 0x00, 0x00, 0x00, 0x00, 0x00, 0x00, 0x00, 0x00, 0x00,
  0x00, 0x00, 0x00, 0x00, 0x00, 0x00, 0x00, 0x00, 0x00, 0x00, 0x00, 0x00, 0x00, 0x00, 0x00, 0x00,
  0x38, 0xa0, 0xa4, 0xff, 0x38, 0xa0, 0xa4, 0xff, 0x38, 0xa0, 0xa4, 0xff, 0x38, 0xa0, 0xa4, 0xff,
  0x38, 0xa0, 0xa4, 0xff, 0x38, 0xa0, 0xa4, 0xff, 0x38, 0xa0, 0xa4, 0xff, 0x38, 0xa0, 0xa4, 0xff,
  0x38, 0xa0, 0xa4, 0xff, 0x38, 0xa0, 0xa4, 0xff, 0x38, 0xa0, 0xa4, 0xff, 0x38, 0xa0, 0xa4, 0xff,
  0x38, 0xa0, 0xa4, 0xff, 0x38, 0xa0, 0xa4, 0xff, 0x38, 0xa0, 0xa4, 0xff, 0x38, 0xa0, 0xa4, 0xff,
  0x00, 0x00, 0x00, 0x00, 0x00, 0x00, 0x00, 0x00, 0x00, 0x00, 0x00, 0x00, 0x00, 0x00, 0x00, 0x00,
  0x00, 0x00, 0x00, 0x00, 0x00, 0x00, 0x00, 0x00, 0x00, 0x00, 0x00, 0x00, 0x00, 0x00, 0x00, 0x00,
  0x38, 0xa0, 0xa4, 0xff, 0x38, 0xa0, 0xa4, 0xff, 0x38, 0xa0, 0xa4, 0xff, 0x38, 0xa0, 0xa4, 0xff,
  0x12, 0x12, 0x18, 0xff, 0x1c, 0x1c, 0x24, 0xff, 0x1c, 0x1c, 0x24, 0xff, 0x1c, 0x1c, 0x24, 0xff,
  0x1c, 0x1c, 0x24, 0xff, 0x1c, 0x1c, 0x24, 0xff, 0x1c, 0x1c, 0x24, 0xff, 0x00, 0x00, 0x00, 0x00,
  0x00, 0x00, 0x00, 0x00, 0x12, 0x12, 0x18, 0xff, 0x12, 0x12, 0x18, 0xff, 0x12, 0x12, 0x18, 0xff,
  0x12, 0x12, 0x18, 0xff, 0x12, 0x12, 0x18, 0xff, 0x00, 0x00, 0x00, 0x00, 0x00, 0x00, 0x00, 0x00,
  0x00, 0x00, 0x00, 0x00, 0x00, 0x00, 0x00, 0x00, 0x00, 0x00, 0x00, 0x00, 0x00, 0x00, 0x00, 0x00,
  0x46, 0x46, 0x94, 0xff, 0x46, 0x46, 0x94, 0xff, 0x46, 0x46, 0x94, 0xff, 0x46, 0x46, 0x94, 0xff,
  0x46, 0x46, 0x94, 0xff, 0x46, 0x46, 0x94, 0xff, 0x46, 0x46, 0x94, 0xff, 0x46, 0x46, 0x94, 0xff,
  0x00, 0x00, 0x00, 0x00, 0x00, 0x00, 0x00, 0x00, 0x00, 0x00, 0x00, 0x00, 0x00, 0x00, 0x00, 0x00,
  0x00, 0x00, 0x00, 0x00, 0x00, 0x00, 0x00, 0x00, 0x00, 0x00, 0x00, 0x00, 0x00, 0x00, 0x00, 0x00,
  0x38, 0xa0, 0xa4, 0xff, 0x38, 0xa0, 0xa4, 0xff, 0x38, 0xa0, 0xa4, 0xff, 0x38, 0xa0, 0xa4, 0xff,
  0x38, 0xa0, 0xa4, 0xff, 0x38, 0xa0, 0xa4, 0xff, 0x38, 0xa0, 0xa4, 0xff, 0x38, 0xa0, 0xa4, 0xff,
  0x38, 0xa0, 0xa4, 0xff, 0x38, 0xa0, 0xa4, 0xff, 0x38, 0xa0, 0xa4, 0xff, 0x38, 0xa0, 0xa4, 0xff,
  0x38, 0xa0, 0xa4, 0xff, 0x38, 0xa0, 0xa4, 0xff, 0x38, 0xa0, 0xa4, 0xff, 0x38, 0xa0, 0xa4, 0xff,
  0x00, 0x00, 0x00, 0x00, 0x00, 0x00, 0x00, 0x00, 0x00, 0x00, 0x00, 0x00, 0x00, 0x00, 0x00, 0x00,
  0x00, 0x00, 0x00, 0x00, 0x00, 0x00, 0x00, 0x00, 0x00, 0x00, 0x00, 0x00, 0x00, 0x00, 0x00, 0x00,
  0x38, 0xa0, 0xa4, 0xff, 0x38, 0xa0, 0xa4, 0xff, 0x38, 0xa0, 0xa4, 0xff, 0x38, 0xa0, 0xa4, 0xff,
  0x12, 0x12, 0x18, 0xff, 0x1c, 0x1c, 0x24, 0xff, 0x1c, 0x1c, 0x24, 0xff, 0x1c, 0x1c, 0x24, 0xff,
  0x1c, 0x1c, 0x24, 0xff, 0x1c, 0x1c, 0x24, 0xff, 0x1c, 0x1c, 0x24, 0xff, 0x00, 0x00, 0x00, 0x00,
  0x12, 0x12, 0x18, 0xff, 0x12, 0x12, 0x18, 0xff, 0x12, 0x12, 0x18, 0xff, 0x12, 0x12, 0x18, 0xff,
  0x12, 0x12, 0x18, 0xff, 0x12, 0x12, 0x18, 0xff, 0x00, 0x00, 0x00, 0x00, 0x00, 0x00, 0x00, 0x00,
  0x00, 0x00, 0x00, 0x00, 0x00, 0x00, 0x00, 0x00, 0x00, 0x00, 0x00, 0x00, 0x00, 0x00, 0x00, 0x00,
  0x46, 0x46, 0x94, 0xff, 0x46, 0x46, 0x94, 0xff, 0x46, 0x46, 0x94, 0xff, 0x46, 0x46, 0x94, 0xff,
  0x46, 0x46, 0x94, 0xff, 0x46, 0x46, 0x94, 0xff, 0x46, 0x46, 0x94, 0xff, 0x46, 0x46, 0x94, 0xff,
  0x00, 0x00, 0x00, 0x00, 0x00, 0x00, 0x00, 0x00, 0x00, 0x00, 0x00, 0x00, 0x00, 0x00, 0x00, 0x00,
  0x00, 0x00, 0x00, 0x00, 0x00, 0x00, 0x00, 0x00, 0x00, 0x00, 0x00, 0x00, 0x00, 0x00, 0x00, 0x00,
  0x38, 0xa0, 0xa4, 0xff, 0x38, 0xa0, 0xa4, 0xff, 0x38, 0xa0, 0xa4, 0xff, 0x38, 0xa0, 0xa4, 0xff,
  0x38, 0xa0, 0xa4, 0xff, 0x38, 0xa0, 0xa4, 0xff, 0x38, 0xa0, 0xa4, 0xff, 0x38, 0xa0, 0xa4, 0xff,
  0x38, 0xa0, 0xa4, 0xff, 0x38, 0xa0, 0xa4, 0xff, 0x38, 0xa0, 0xa4, 0xff, 0x38, 0xa0, 0xa4, 0xff,
  0x38, 0xa0, 0xa4, 0xff, 0x38, 0xa0, 0xa4, 0xff, 0x38, 0xa0, 0xa4, 0xff, 0x38, 0xa0, 0xa4, 0xff,
  0x00, 0x00, 0x00, 0x00, 0x00, 0x00, 0x00, 0x00, 0x00, 0x00, 0x00, 0x00, 0x00, 0x00, 0x00, 0x00,
  0x00, 0x00, 0x00, 0x00, 0x00, 0x00, 0x00, 0x00, 0x00, 0x00, 0x00, 0x00, 0x00, 0x00, 0x00, 0x00,
  0x38, 0xa0, 0xa4, 0xff, 0x38, 0xa0, 0xa4, 0xff, 0x38, 0xa0, 0xa4, 0xff, 0x38, 0xa0, 0xa4, 0xff,
  0x12, 0x12, 0x18, 0xff, 0x1c, 0x1c, 0x24, 0xff, 0x1c, 0x1c, 0x24, 0xff, 0x1c, 0x1c, 0x24, 0xff,
  0x1c, 0x1c, 0x24, 0xff, 0x1c, 0x1c, 0x24, 0xff, 0x1c, 0x1c, 0x24, 0xff, 0x00, 0x00, 0x00, 0x00,
  0x12, 0x12, 0x18, 0xff, 0x12, 0x12, 0x18, 0xff, 0x12, 0x12, 0x18, 0xff, 0x12, 0x12, 0x18, 0xff,
  0x12, 0x12, 0x18, 0xff, 0x00, 0x00, 0x00, 0x00, 0x00, 0x00, 0x00, 0x00, 0x00, 0x00, 0x00, 0x00,
  0x46, 0x46, 0x94, 0xff, 0x46, 0x46, 0x94, 0xff, 0x46, 0x46, 0x94, 0xff, 0x46, 0x46, 0x94, 0xff,
  0x46, 0x46, 0x94, 0xff, 0x46, 0x46, 0x94, 0xff, 0x46, 0x46, 0x94, 0xff, 0x46, 0x46, 0x94, 0xff,
  0x46, 0x46, 0x94, 0xff, 0x46, 0x46, 0x94, 0xff, 0x46, 0x46, 0x94, 0xff, 0x46, 0x46, 0x94, 0xff,
  0x46, 0x46, 0x94, 0xff, 0x46, 0x46, 0x94, 0xff, 0x46, 0x46, 0x94, 0xff, 0x46, 0x46, 0x94, 0xff,
  0x38, 0xa0, 0xa4, 0xff, 0x38, 0xa0, 0xa4, 0xff, 0x38, 0xa0, 0xa4, 0xff, 0x38, 0xa0, 0xa4, 0xff,
  0x38, 0xa0, 0xa4, 0xff, 0x38, 0xa0, 0xa4, 0xff, 0x38, 0xa0, 0xa4, 0xff, 0x38, 0xa0, 0xa4, 0xff,
  0x38, 0xa0, 0xa4, 0xff, 0x38, 0xa0, 0xa4, 0xff, 0x38, 0xa0, 0xa4, 0xff, 0x38, 0xa0, 0xa4, 0xff,
  0x38, 0xa0, 0xa4, 0xff, 0x38, 0xa0, 0xa4, 0xff, 0x38, 0xa0, 0xa4, 0xff, 0x38, 0xa0, 0xa4, 0xff,
  0x2c, 0x78, 0x7c, 0xff, 0x2c, 0x78, 0x7c, 0xff, 0x2c, 0x78, 0x7c, 0xff, 0x2c, 0x78, 0x7c, 0xff,
  0x2c, 0x78, 0x7c, 0xff, 0x2c, 0x78, 0x7c, 0xff, 0x2c, 0x78, 0x7c, 0xff, 0x2c, 0x78, 0x7c, 0xff,
  0x38, 0xa0, 0xa4, 0xff, 0x38, 0xa0, 0xa4, 0xff, 0x38, 0xa0, 0xa4, 0xff, 0x38, 0xa0, 0xa4, 0xff,
  0x38, 0xa0, 0xa4, 0xff, 0x38, 0xa0, 0xa4, 0xff, 0x38, 0xa0, 0xa4, 0xff, 0x38, 0xa0, 0xa4, 0xff,
  0x12, 0x12, 0x18, 0xff, 0x1c, 0x1c, 0x24, 0xff, 0x1c, 0x1c, 0x24, 0xff, 0x1c, 0x1c, 0x24, 0xff,
  0x1c, 0x1c, 0x24, 0xff, 0x1c, 0x1c, 0x24, 0xff, 0x1c, 0x1c, 0x24, 0xff, 0x38, 0xa0, 0xa4, 0xff,
  0x12, 0x12, 0x18, 0xff, 0x12, 0x12, 0x18, 0xff, 0x12, 0x12, 0x18, 0xff, 0x12, 0x12, 0x18, 0xff,
  0x00, 0x00, 0x00, 0x00, 0x00, 0x00, 0x00, 0x00, 0x00, 0x00, 0x00, 0x00, 0x00, 0x00, 0x00, 0x00,
  0x46, 0x46, 0x94, 0xff, 0x46, 0x46, 0x94, 0xff, 0x46, 0x46, 0x94, 0xff, 0x46, 0x46, 0x94, 0xff,
  0x46, 0x46, 0x94, 0xff, 0x46, 0x46, 0x94, 0xff, 0x46, 0x46, 0x94, 0xff, 0x46, 0x46, 0x94, 0xff,
  0x46, 0x46, 0x94, 0xff, 0x46, 0x46, 0x94, 0xff, 0x46, 0x46, 0x94, 0xff, 0x46, 0x46, 0x94, 0xff,
  0x46, 0x46, 0x94, 0xff, 0x46, 0x46, 0x94, 0xff, 0x46, 0x46, 0x94, 0xff, 0x46, 0x46, 0x94, 0xff,
  0x38, 0xa0, 0xa4, 0xff, 0x38, 0xa0, 0xa4, 0xff, 0x38, 0xa0, 0xa4, 0xff, 0x38, 0xa0, 0xa4, 0xff,
  0x38, 0xa0, 0xa4, 0xff, 0x38, 0xa0, 0xa4, 0xff, 0x38, 0xa0, 0xa4, 0xff, 0x38, 0xa0, 0xa4, 0xff,
  0x38, 0xa0, 0xa4, 0xff, 0x38, 0xa0, 0xa4, 0xff, 0x38, 0xa0, 0xa4, 0xff, 0x38, 0xa0, 0xa4, 0xff,
  0x38, 0xa0, 0xa4, 0xff, 0x38, 0xa0, 0xa4, 0xff, 0x38, 0xa0, 0xa4, 0xff, 0x38, 0xa0, 0xa4, 0xff,
  0x2c, 0x78, 0x7c, 0xff, 0x2c, 0x78, 0x7c, 0xff, 0x2c, 0x78, 0x7c, 0xff, 0x2c, 0x78, 0x7c, 0xff,
  0x2c, 0x78, 0x7c, 0xff, 0x2c, 0x78, 0x7c, 0xff, 0x2c, 0x78, 0x7c, 0xff, 0x2c, 0x78, 0x7c, 0xff,
  0x38, 0xa0, 0xa4, 0xff, 0x38, 0xa0, 0xa4, 0xff, 0x38, 0xa0, 0xa4, 0xff, 0x38, 0xa0, 0xa4, 0xff,
  0x38, 0xa0, 0xa4, 0xff, 0x38, 0xa0, 0xa4, 0xff, 0x38, 0xa0, 0xa4, 0xff, 0x38, 0xa0, 0xa4, 0xff,
  0x12, 0x12, 0x18, 0xff, 0x1c, 0x1c, 0x24, 0xff, 0x1c, 0x1c, 0x24, 0xff, 0x1c, 0x1c, 0x24, 0xff,
  0x1c, 0x1c, 0x24, 0xff, 0x1c, 0x1c, 0x24, 0xff, 0x1c, 0x1c, 0x24, 0xff, 0x38, 0xa0, 0xa4, 0xff,
  0x12, 0x12, 0x18, 0xff, 0x12, 0x12, 0x18, 0xff, 0x12, 0x12, 0x18, 0xff, 0x00, 0x00, 0x00, 0x00,
  0x12, 0x12, 0x18, 0xff, 0x00, 0x00, 0x00, 0x00, 0x00, 0x00, 0x00, 0x00, 0x00, 0x00, 0x00, 0x00,
  0x46, 0x46, 0x94, 0xff, 0x46, 0x46, 0x94, 0xff, 0x46, 0x46, 0x94, 0xff, 0x46, 0x46, 0x94, 0xff,
  0x46, 0x46, 0x94, 0xff, 0x46, 0x46, 0x94, 0xff, 0x46, 0x46, 0x94, 0xff, 0x46, 0x46, 0x94, 0xff,
  0x46, 0x46, 0x94, 0xff, 0x46, 0x46, 0x94, 0xff, 0x46, 0x46, 0x94, 0xff, 0x46, 0x46, 0x94, 0xff,
  0x46, 0x46, 0x94, 0xff, 0x46, 0x46, 0x94, 0xff, 0x46, 0x46, 0x94, 0xff, 0x46, 0x46, 0x94, 0xff,
  0x38, 0xa0, 0xa4, 0xff, 0x38, 0xa0, 0xa4, 0xff, 0x38, 0xa0, 0xa4, 0xff, 0x38, 0xa0, 0xa4, 0xff,
  0x38, 0xa0, 0xa4, 0xff, 0x38, 0xa0, 0xa4, 0xff, 0x34, 0x84, 0x88, 0xff, 0x34, 0x84, 0x88, 0xff,
  0x34, 0x84, 0x88, 0xff, 0x34, 0x84, 0x88, 0xff, 0x38, 0xa0, 0xa4, 0xff, 0x38, 0xa0, 0xa4, 0xff,
  0x38, 0xa0, 0xa4, 0xff, 0x38, 0xa0, 0xa4, 0xff, 0x38, 0xa0, 0xa4, 0xff, 0x38, 0xa0, 0xa4, 0xff,
  0x2c, 0x78, 0x7c, 0xff, 0x2c, 0x78, 0x7c, 0xff, 0x2c, 0x78, 0x7c, 0xff, 0x2c, 0x78, 0x7c, 0xff,
  0x2c, 0x78, 0x7c, 0xff, 0x2c, 0x78, 0x7c, 0xff, 0x2c, 0x78, 0x7c, 0xff, 0x2c, 0x78, 0x7c, 0xff,
  0x38, 0xa0, 0xa4, 0xff, 0x38, 0xa0, 0xa4, 0xff, 0x38, 0xa0, 0xa4, 0xff, 0x38, 0xa0, 0xa4, 0xff,
  0x38, 0xa0, 0xa4, 0xff, 0x38, 0xa0, 0xa4, 0xff, 0x38, 0xa0, 0xa4, 0xff, 0x38, 0xa0, 0xa4, 0xff,
  0x12, 0x12, 0x18, 0xff, 0x1c, 0x1c, 0x24, 0xff, 0x1c, 0x1c, 0x24, 0xff, 0x1c, 0x1c, 0x24, 0xff,
  0x1c, 0x1c, 0x24, 0xff, 0x1c, 0x1c, 0x24, 0xff, 0x1c, 0x1c, 0x24, 0xff, 0x38, 0xa0, 0xa4, 0xff,
  0x12, 0x12, 0x18, 0xff, 0x12, 0x12, 0x18, 0xff, 0x00, 0x00, 0x00, 0x00, 0x00, 0x00, 0x00, 0x00,
  0x12, 0x12, 0x18, 0xff, 0x00, 0x00, 0x00, 0x00, 0x00, 0x00, 0x00, 0x00, 0x00, 0x00, 0x00, 0x00,
  0x46, 0x46, 0x94, 0xff, 0x46, 0x46, 0x94, 0xff, 0x46, 0x46, 0x94, 0xff, 0x46, 0x46, 0x94, 0xff,
  0x46, 0x46, 0x94, 0xff, 0x46, 0x46, 0x94, 0xff, 0x46, 0x46, 0x94, 0xff, 0x46, 0x46, 0x94, 0xff,
  0x46, 0x46, 0x94, 0xff, 0x46, 0x46, 0x94, 0xff, 0x46, 0x46, 0x94, 0xff, 0x46, 0x46, 0x94, 0xff,
  0x46, 0x46, 0x94, 0xff, 0x46, 0x46, 0x94, 0xff, 0x46, 0x46, 0x94, 0xff, 0x46, 0x46, 0x94, 0xff,
  0x38, 0xa0, 0xa4, 0xff, 0x38, 0xa0, 0xa4, 0xff, 0x38, 0xa0, 0xa4, 0xff, 0x38, 0xa0, 0xa4, 0xff,
  0x38, 0xa0, 0xa4, 0xff, 0x38, 0xa0, 0xa4, 0xff, 0x34, 0x84, 0x88, 0xff, 0x34, 0x84, 0x88, 0xff,
  0x34, 0x84, 0x88, 0xff, 0x34, 0x84, 0x88, 0xff, 0x38, 0xa0, 0xa4, 0xff, 0x38, 0xa0, 0xa4, 0xff,
  0x38, 0xa0, 0xa4, 0xff, 0x38, 0xa0, 0xa4, 0xff, 0x38, 0xa0, 0xa4, 0xff, 0x38, 0xa0, 0xa4, 0xff,
  0x2c, 0x78, 0x7c, 0xff, 0x2c, 0x78, 0x7c, 0xff, 0x2c, 0x78, 0x7c, 0xff, 0x2c, 0x78, 0x7c, 0xff,
  0x2c, 0x78, 0x7c, 0xff, 0x2c, 0x78, 0x7c, 0xff, 0x2c, 0x78, 0x7c, 0xff, 0x2c, 0x78, 0x7c, 0xff,
  0x38, 0xa0, 0xa4, 0xff, 0x38, 0xa0, 0xa4, 0xff, 0x38, 0xa0, 0xa4, 0xff, 0x38, 0xa0, 0xa4, 0xff,
  0x38, 0xa0, 0xa4, 0xff, 0x38, 0xa0, 0xa4, 0xff, 0x38, 0xa0, 0xa4, 0xff, 0x38, 0xa0, 0xa4, 0xff,
  0x12, 0x12, 0x18, 0xff, 0x1c, 0x1c, 0x24, 0xff, 0x1c, 0x1c, 0x24, 0xff, 0x1c, 0x1c, 0x24, 0xff,
  0x1c, 0x1c, 0x24, 0xff, 0x1c, 0x1c, 0x24, 0xff, 0x1c, 0x1c, 0x24, 0xff, 0x38, 0xa0, 0xa4, 0xff,
  0x12, 0x12, 0x18, 0xff, 0x12, 0x12, 0x18, 0xff, 0x00, 0x00, 0x00, 0x00, 0x12, 0x12, 0x18, 0xff,
  0x12, 0x12, 0x18, 0xff, 0x00, 0x00, 0x00, 0x00, 0x00, 0x00, 0x00, 0x00, 0x00, 0x00, 0x00, 0x00,
  0x46, 0x46, 0x94, 0xff, 0x46, 0x46, 0x94, 0xff, 0x46, 0x46, 0x94, 0xff, 0x46, 0x46, 0x94, 0xff,
  0x46, 0x46, 0x94, 0xff, 0x46, 0x46, 0x94, 0xff, 0x46, 0x46, 0x94, 0xff, 0x46, 0x46, 0x94, 0xff,
  0x46, 0x46, 0x94, 0xff, 0x46, 0x46, 0x94, 0xff, 0x46, 0x46, 0x94, 0xff, 0x46, 0x46, 0x94, 0xff,
  0x46, 0x46, 0x94, 0xff, 0x46, 0x46, 0x94, 0xff, 0x46, 0x46, 0x94, 0xff, 0x46, 0x46, 0x94, 0xff,
  0x38, 0xa0, 0xa4, 0xff, 0x38, 0xa0, 0xa4, 0xff, 0x38, 0xa0, 0xa4, 0xff, 0x38, 0xa0, 0xa4, 0xff,
  0x38, 0xa0, 0xa4, 0xff, 0x38, 0xa0, 0xa4, 0xff, 0x34, 0x84, 0x88, 0xff, 0x34, 0x84, 0x88, 0xff,
  0x34, 0x84, 0x88, 0xff, 0x34, 0x84, 0x88, 0xff, 0x38, 0xa0, 0xa4, 0xff, 0x38, 0xa0, 0xa4, 0xff,
  0x38, 0xa0, 0xa4, 0xff, 0x38, 0xa0, 0xa4, 0xff, 0x38, 0xa0, 0xa4, 0xff, 0x38, 0xa0, 0xa4, 0xff,
  0x2c, 0x78, 0x7c, 0xff, 0x2c, 0x78, 0x7c, 0xff, 0x2c, 0x78, 0x7c, 0xff, 0x2c, 0x78, 0x7c, 0xff,
  0x2c, 0x78, 0x7c, 0xff, 0x2c, 0x78, 0x7c, 0xff, 0x2c, 0x78, 0x7c, 0xff, 0x2c, 0x78, 0x7c, 0xff,
  0xe0, 0xae, 0x83, 0xff, 0xe0, 0xae, 0x83, 0xff, 0xe0, 0xae, 0x83, 0xff, 0xe0, 0xae, 0x83, 0xff,
  0xe0, 0xae, 0x83, 0xff, 0xe0, 0xae, 0x83, 0xff, 0xe0, 0xae, 0x83, 0xff, 0xe0, 0xae, 0x83, 0xff,
  0x12, 0x12, 0x18, 0xff, 0x1c, 0x1c, 0x24, 0xff, 0x1c, 0x1c, 0x24, 0xff, 0x1c, 0x1c, 0x24, 0xff,
  0x1c, 0x1c, 0x24, 0xff, 0x1c, 0x1c, 0x24, 0xff, 0x1c, 0x1c, 0x24, 0xff, 0xe0, 0xae, 0x83, 0xff,
  0x12, 0x12, 0x18, 0xff, 0x00, 0x00, 0x00, 0x00, 0x00, 0x00, 0x00, 0x00, 0x12, 0x12, 0x18, 0xff,
  0x00, 0x00, 0x00, 0x00, 0x00, 0x00, 0x00, 0x00, 0x00, 0x00, 0x00, 0x00, 0x00, 0x00, 0x00, 0x00,
  0x46, 0x46, 0x94, 0xff, 0x46, 0x46, 0x94, 0xff, 0x46, 0x46, 0x94, 0xff, 0x46, 0x46, 0x94, 0xff,
  0x46, 0x46, 0x94, 0xff, 0x46, 0x46, 0x94, 0xff, 0x46, 0x46, 0x94, 0xff, 0x46, 0x46, 0x94, 0xff,
  0x46, 0x46, 0x94, 0xff, 0x46, 0x46, 0x94, 0xff, 0x46, 0x46, 0x94, 0xff, 0x46, 0x46, 0x94, 0xff,
  0x46, 0x46, 0x94, 0xff, 0x46, 0x46, 0x94, 0xff, 0x46, 0x46, 0x94, 0xff, 0x46, 0x46, 0x94, 0xff,
  0x38, 0xa0, 0xa4, 0xff, 0x38, 0xa0, 0xa4, 0xff, 0x38, 0xa0, 0xa4, 0xff, 0x38, 0xa0, 0xa4, 0xff,
  0x38, 0xa0, 0xa4, 0xff, 0x38, 0xa0, 0xa4, 0xff, 0x34, 0x84, 0x88, 0xff, 0x34, 0x84, 0x88, 0xff,
  0x34, 0x84, 0x88, 0xff, 0x34, 0x84, 0x88, 0xff, 0x38, 0xa0, 0xa4, 0xff, 0x38, 0xa0, 0xa4, 0xff,
  0x38, 0xa0, 0xa4, 0xff, 0x38, 0xa0, 0xa4, 0xff, 0x38, 0xa0, 0xa4, 0xff, 0x38, 0xa0, 0xa4, 0xff,
  0x2c, 0x78, 0x7c, 0xff, 0x2c, 0x78, 0x7c, 0xff, 0x2c, 0x78, 0x7c, 0xff, 0x2c, 0x78, 0x7c, 0xff,
  0x2c, 0x78, 0x7c, 0xff, 0x2c, 0x78, 0x7c, 0xff, 0x2c, 0x78, 0x7c, 0xff, 0x2c, 0x78, 0x7c, 0xff,
  0xe0, 0xae, 0x83, 0xff, 0xe0, 0xae, 0x83, 0xff, 0xe0, 0xae, 0x83, 0xff, 0xe0, 0xae, 0x83, 0xff,
  0xe0, 0xae, 0x83, 0xff, 0xe0, 0xae, 0x83, 0xff, 0xe0, 0xae, 0x83, 0xff, 0xe0, 0xae, 0x83, 0xff,
  0x12, 0x12, 0x18, 0xff, 0x1c, 0x1c, 0x24, 0xff, 0x1c, 0x1c, 0x24, 0xff, 0x1c, 0x1c, 0x24, 0xff,
  0x1c, 0x1c, 0x24, 0xff, 0x1c, 0x1c, 0x24, 0xff, 0x1c, 0x1c, 0x24, 0xff, 0xe0, 0xae, 0x83, 0xff,
  0x12, 0x12, 0x18, 0xff, 0x00, 0x00, 0x00, 0x00, 0x12, 0x12, 0x18, 0xff, 0x00, 0x00, 0x00, 0x00,
  0x00, 0x00, 0x00, 0x00, 0x00, 0x00, 0x00, 0x00, 0x00, 0x00, 0x00, 0x00, 0x00, 0x00, 0x00, 0x00,
  0x46, 0x46, 0x94, 0xff, 0x46, 0x46, 0x94, 0xff, 0x46, 0x46, 0x94, 0xff, 0x46, 0x46, 0x94, 0xff,
  0x46, 0x46, 0x94, 0xff, 0x46, 0x46, 0x94, 0xff, 0x46, 0x46, 0x94, 0xff, 0x46, 0x46, 0x94, 0xff,
  0x46, 0x46, 0x94, 0xff, 0x46, 0x46, 0x94, 0xff, 0x46, 0x46, 0x94, 0xff, 0x46, 0x46, 0x94, 0xff,
  0x46, 0x46, 0x94, 0xff, 0x46, 0x46, 0x94, 0xff, 0x46, 0x46, 0x94, 0xff, 0x46, 0x46, 0x94, 0xff,
  0x38, 0xa0, 0xa4, 0xff, 0x38, 0xa0, 0xa4, 0xff, 0x38, 0xa0, 0xa4, 0xff, 0x38, 0xa0, 0xa4, 0xff,
  0x38, 0xa0, 0xa4, 0xff, 0x38, 0xa0, 0xa4, 0xff, 0x34, 0x84, 0x88, 0xff, 0x34, 0x84, 0x88, 0xff,
  0x34, 0x84, 0x88, 0xff, 0x34, 0x84, 0x88, 0xff, 0x38, 0xa0, 0xa4, 0xff, 0x38, 0xa0, 0xa4, 0xff,
  0x38, 0xa0, 0xa4, 0xff, 0x38, 0xa0, 0xa4, 0xff, 0x38, 0xa0, 0xa4, 0xff, 0x38, 0xa0, 0xa4, 0xff,
  0x2c, 0x78, 0x7c, 0xff, 0x2c, 0x78, 0x7c, 0xff, 0x2c, 0x78, 0x7c, 0xff, 0x2c, 0x78, 0x7c, 0xff,
  0x2c, 0x78, 0x7c, 0xff, 0x2c, 0x78, 0x7c, 0xff, 0x2c, 0x78, 0x7c, 0xff, 0x2c, 0x78, 0x7c, 0xff,
  0xe0, 0xae, 0x83, 0xff, 0xe0, 0xae, 0x83, 0xff, 0xe0, 0xae, 0x83, 0xff, 0xe0, 0xae, 0x83, 0xff,
  0xe0, 0xae, 0x83, 0xff, 0xe0, 0xae, 0x83, 0xff, 0xe0, 0xae, 0x83, 0xff, 0xe0, 0xae, 0x83, 0xff,
  0x12, 0x12, 0x18, 0xff, 0x1c, 0x1c, 0x24, 0xff, 0x1c, 0x1c, 0x24, 0xff, 0x1c, 0x1c, 0x24, 0xff,
  0x1c, 0x1c, 0x24, 0xff, 0x1c, 0x1c, 0x24, 0xff, 0x1c, 0x1c, 0x24, 0xff, 0xe0, 0xae, 0x83, 0xff,
  0x00, 0x00, 0x00, 0x00, 0x00, 0x00, 0x00, 0x00, 0x12, 0x12, 0x18, 0xff, 0x00, 0x00, 0x00, 0x00,
  0x00, 0x00, 0x00, 0x00, 0x00, 0x00, 0x00, 0x00, 0x00, 0x00, 0x00, 0x00, 0x00, 0x00, 0x00, 0x00,
  0x46, 0x46, 0x94, 0xff, 0x46, 0x46, 0x94, 0xff, 0x46, 0x46, 0x94, 0xff, 0x46, 0x46, 0x94, 0xff,
  0x46, 0x46, 0x94, 0xff, 0x46, 0x46, 0x94, 0xff, 0x46, 0x46, 0x94, 0xff, 0x46, 0x46, 0x94, 0xff,
  0x46, 0x46, 0x94, 0xff, 0x46, 0x46, 0x94, 0xff, 0x46, 0x46, 0x94, 0xff, 0x46, 0x46, 0x94, 0xff,
  0x46, 0x46, 0x94, 0xff, 0x46, 0x46, 0x94, 0xff, 0x46, 0x46, 0x94, 0xff, 0x46, 0x46, 0x94, 0xff,
  0x38, 0xa0, 0xa4, 0xff, 0x38, 0xa0, 0xa4, 0xff, 0x38, 0xa0, 0xa4, 0xff, 0x38, 0xa0, 0xa4, 0xff,
  0x38, 0xa0, 0xa4, 0xff, 0x38, 0xa0, 0xa4, 0xff, 0x34, 0x84, 0x88, 0xff, 0x34, 0x84, 0x88, 0xff,
  0x34, 0x84, 0x88, 0xff, 0x34, 0x84, 0x88, 0xff, 0x38, 0xa0, 0xa4, 0xff, 0x38, 0xa0, 0xa4, 0xff,
  0x38, 0xa0, 0xa4, 0xff, 0x38, 0xa0, 0xa4, 0xff, 0x38, 0xa0, 0xa4, 0xff, 0x38, 0xa0, 0xa4, 0xff,
  0x2c, 0x78, 0x7c, 0xff, 0x2c, 0x78, 0x7c, 0xff, 0x2c, 0x78, 0x7c, 0xff, 0x2c, 0x78, 0x7c, 0xff,
  0x2c, 0x78, 0x7c, 0xff, 0x2c, 0x78, 0x7c, 0xff, 0x2c, 0x78, 0x7c, 0xff, 0x2c, 0x78, 0x7c, 0xff,
  0xe0, 0xae, 0x83, 0xff, 0xe0, 0xae, 0x83, 0xff, 0xe0, 0xae, 0x83, 0xff, 0xe0, 0xae, 0x83, 0xff,
  0xe0, 0xae, 0x83, 0xff, 0xe0, 0xae, 0x83, 0xff, 0xe0, 0xae, 0x83, 0xff, 0xe0, 0xae, 0x83, 0xff,
  0xe0, 0xae, 0x83, 0xff, 0xe0, 0xae, 0x83, 0xff, 0xe0, 0xae, 0x83, 0xff, 0xe0, 0xae, 0x83, 0xff,
  0xe0, 0xae, 0x83, 0xff, 0xe0, 0xae, 0x83, 0xff, 0xe0, 0xae, 0x83, 0xff, 0xe0, 0xae, 0x83, 0xff,
  0x00, 0x00, 0x00, 0x00, 0x00, 0x00, 0x00, 0x00, 0x00, 0x00, 0x00, 0x00, 0x00, 0x00, 0x00, 0x00,
  0x00, 0x00, 0x00, 0x00, 0x00, 0x00, 0x00, 0x00, 0x00, 0x00, 0x00, 0x00, 0x00, 0x00, 0x00, 0x00,
  0x30, 0x30, 0x34, 0xff, 0x30, 0x30, 0x34, 0xff, 0x30, 0x30, 0x34, 0xff, 0x30, 0x30, 0x34, 0xff,
  0x30, 0x30, 0x34, 0xff, 0x30, 0x30, 0x34, 0xff, 0x30, 0x30, 0x34, 0xff, 0x30, 0x30, 0x34, 0xff,
  0x30, 0x30, 0x34, 0xff, 0x30, 0x30, 0x34, 0xff, 0x30, 0x30, 0x34, 0xff, 0x30, 0x30, 0x34, 0xff,
  0x30, 0x30, 0x34, 0xff, 0x30, 0x30, 0x34, 0xff, 0x30, 0x30, 0x34, 0xff, 0x30, 0x30, 0x34, 0xff,
  0x38, 0xa0, 0xa4, 0xff, 0x38, 0xa0, 0xa4, 0xff, 0x38, 0xa0, 0xa4, 0xff, 0x38, 0xa0, 0xa4, 0xff,
  0x38, 0xa0, 0xa4, 0xff, 0x38, 0xa0, 0xa4, 0xff, 0x34, 0x84, 0x88, 0xff, 0x34, 0x84, 0x88, 0xff,
  0x34, 0x84, 0x88, 0xff, 0x34, 0x84, 0x88, 0xff, 0x38, 0xa0, 0xa4, 0xff, 0x38, 0xa0, 0xa4, 0xff,
  0x38, 0xa0, 0xa4, 0xff, 0x38, 0xa0, 0xa4, 0xff, 0x38, 0xa0, 0xa4, 0xff, 0x38, 0xa0, 0xa4, 0xff,
  0x2c, 0x78, 0x7c, 0xff, 0x2c, 0x78, 0x7c, 0xff, 0x2c, 0x78, 0x7c, 0xff, 0x2c, 0x78, 0x7c, 0xff,
  0x2c, 0x78, 0x7c, 0xff, 0x2c, 0x78, 0x7c, 0xff, 0x2c, 0x78, 0x7c, 0xff, 0x2c, 0x78, 0x7c, 0xff,
  0xe0, 0xae, 0x83, 0xff, 0xe0, 0xae, 0x83, 0xff, 0xe0, 0xae, 0x83, 0xff, 0xe0, 0xae, 0x83, 0xff,
  0xe0, 0xae, 0x83, 0xff, 0xe0, 0xae, 0x83, 0xff, 0xe0, 0xae, 0x83, 0xff, 0xe0, 0xae, 0x83, 0xff,
  0xe0, 0xae, 0x83, 0xff, 0xe0, 0xae, 0x83, 0xff, 0xe0, 0xae, 0x83, 0xff, 0xe0, 0xae, 0x83, 0xff,
  0xe0, 0xae, 0x83, 0xff, 0xe0, 0xae, 0x83, 0xff, 0xe0, 0xae, 0x83, 0xff, 0xe0, 0xae, 0x83, 0xff,
  0x00, 0x00, 0x00, 0x00, 0x00, 0x00, 0x00, 0x00, 0x00, 0x00, 0x00, 0x00, 0x00, 0x00, 0x00, 0x00,
  0x00, 0x00, 0x00, 0x00, 0x00, 0x00, 0x00, 0x00, 0x00, 0x00, 0x00, 0x00, 0x00, 0x00, 0x00, 0x00,
  0x30, 0x30, 0x34, 0xff, 0x30, 0x30, 0x34, 0xff, 0x30, 0x30, 0x34, 0xff, 0x30, 0x30, 0x34, 0xff,
  0x30, 0x30, 0x34, 0xff, 0x30, 0x30, 0x34, 0xff, 0x30, 0x30, 0x34, 0xff, 0x30, 0x30, 0x34, 0xff,
  0x30, 0x30, 0x34, 0xff, 0x30, 0x30, 0x34, 0xff, 0x30, 0x30, 0x34, 0xff, 0x30, 0x30, 0x34, 0xff,
  0x30, 0x30, 0x34, 0xff, 0x30, 0x30, 0x34, 0xff, 0x30, 0x30, 0x34, 0xff, 0x30, 0x30, 0x34, 0xff,
  0x38, 0xa0, 0xa4, 0xff, 0x38, 0xa0, 0xa4, 0xff, 0x38, 0xa0, 0xa4, 0xff, 0x38, 0xa0, 0xa4, 0xff,
  0x38, 0xa0, 0xa4, 0xff, 0x38, 0xa0, 0xa4, 0xff, 0x34, 0x84, 0x88, 0xff, 0x34, 0x84, 0x88, 0xff,
  0x34, 0x84, 0x88, 0xff, 0x34, 0x84, 0x88, 0xff, 0x38, 0xa0, 0xa4, 0xff, 0x38, 0xa0, 0xa4, 0xff,
  0x38, 0xa0, 0xa4, 0xff, 0x38, 0xa0, 0xa4, 0xff, 0x38, 0xa0, 0xa4, 0xff, 0x38, 0xa0, 0xa4, 0xff,
  0x2c, 0x78, 0x7c, 0xff, 0x2c, 0x78, 0x7c, 0xff, 0x2c, 0x78, 0x7c, 0xff, 0x2c, 0x78, 0x7c, 0xff,
  0x2c, 0x78, 0x7c, 0xff, 0x2c, 0x78, 0x7c, 0xff, 0x2c, 0x78, 0x7c, 0xff, 0x2c, 0x78, 0x7c, 0xff,
  0xe0, 0xae, 0x83, 0xff, 0xe0, 0xae, 0x83, 0xff, 0xe0, 0xae, 0x83, 0xff, 0xe0, 0xae, 0x83, 0xff,
  0xe0, 0xae, 0x83, 0xff, 0xe0, 0xae, 0x83, 0xff, 0xe0, 0xae, 0x83, 0xff, 0xe0, 0xae, 0x83, 0xff,
  0xe0, 0xae, 0x83, 0xff, 0xe0, 0xae, 0x83, 0xff, 0xe0, 0xae, 0x83, 0xff, 0xe0, 0xae, 0x83, 0xff,
  0xe0, 0xae, 0x83, 0xff, 0xe0, 0xae, 0x83, 0xff, 0xe0, 0xae, 0x83, 0xff, 0xe0, 0xae, 0x83, 0xff,
  0x00, 0x00, 0x00, 0x00, 0x00, 0x00, 0x00, 0x00, 0x00, 0x00, 0x00, 0x00, 0x00, 0x00, 0x00, 0x00,
  0x00, 0x00, 0x00, 0x00, 0x00, 0x00, 0x00, 0x00, 0x00, 0x00, 0x00, 0x00, 0x00, 0x00, 0x00, 0x00,
  0x30, 0x30, 0x34, 0xff, 0x30, 0x30, 0x34, 0xff, 0x30, 0x30, 0x34, 0xff, 0x30, 0x30, 0x34, 0xff,
  0x30, 0x30, 0x34, 0xff, 0x30, 0x30, 0x34, 0xff, 0x30, 0x30, 0x34, 0xff, 0x30, 0x30, 0x34, 0xff,
  0x30, 0x30, 0x34, 0xff, 0x30, 0x30, 0x34, 0xff, 0x30, 0x30, 0x34, 0xff, 0x30, 0x30, 0x34, 0xff,
  0x30, 0x30, 0x34, 0xff, 0x30, 0x30, 0x34, 0xff, 0x30, 0x30, 0x34, 0xff, 0x30, 0x30, 0x34, 0xff,
  0x38, 0xa0, 0xa4, 0xff, 0x38, 0xa0, 0xa4, 0xff, 0x38, 0xa0, 0xa4, 0xff, 0x38, 0xa0, 0xa4, 0xff,
  0x38, 0xa0, 0xa4, 0xff, 0x38, 0xa0, 0xa4, 0xff, 0x38, 0xa0, 0xa4, 0xff, 0x38, 0xa0, 0xa4, 0xff,
  0x38, 0xa0, 0xa4, 0xff, 0x38, 0xa0, 0xa4, 0xff, 0x38, 0xa0, 0xa4, 0xff, 0x38, 0xa0, 0xa4, 0xff,
  0x38, 0xa0, 0xa4, 0xff, 0x38, 0xa0, 0xa4, 0xff, 0x38, 0xa0, 0xa4, 0xff, 0x38, 0xa0, 0xa4, 0xff,
  0x2c, 0x78, 0x7c, 0xff, 0x2c, 0x78, 0x7c, 0xff, 0x2c, 0x78, 0x7c, 0xff, 0x2c, 0x78, 0x7c, 0xff,
  0x2c, 0x78, 0x7c, 0xff, 0x2c, 0x78, 0x7c, 0xff, 0x2c, 0x78, 0x7c, 0xff, 0x2c, 0x78, 0x7c, 0xff,
  0xe0, 0xae, 0x83, 0xff, 0xe0, 0xae, 0x83, 0xff, 0xe0, 0xae, 0x83, 0xff, 0xe0, 0xae, 0x83, 0xff,
  0xe0, 0xae, 0x83, 0xff, 0xe0, 0xae, 0x83, 0xff, 0xe0, 0xae, 0x83, 0xff, 0xe0, 0xae, 0x83, 0xff,
  0xe0, 0xae, 0x83, 0xff, 0xe0, 0xae, 0x83, 0xff, 0xe0, 0xae, 0x83, 0xff, 0xe0, 0xae, 0x83, 0xff,
  0xe0, 0xae, 0x83, 0xff, 0xe0, 0xae, 0x83, 0xff, 0xe0, 0xae, 0x83, 0xff, 0xe0, 0xae, 0x83, 0xff,
  0x00, 0x00, 0x00, 0x00, 0x00, 0x00, 0x00, 0x00, 0x00, 0x00, 0x00, 0x00, 0x00, 0x00, 0x00, 0x00,
  0x00, 0x00, 0x00, 0x00, 0x00, 0x00, 0x00, 0x00, 0x00, 0x00, 0x00, 0x00, 0x00, 0x00, 0x00, 0x00,
  0x30, 0x30, 0x34, 0xff, 0x30, 0x30, 0x34, 0xff, 0x30, 0x30, 0x34, 0xff, 0x30, 0x30, 0x34, 0xff,
  0x30, 0x30, 0x34, 0xff, 0x30, 0x30, 0x34, 0xff, 0x30, 0x30, 0x34, 0xff, 0x30, 0x30, 0x34, 0xff,
  0x30, 0x30, 0x34, 0xff, 0x30, 0x30, 0x34, 0xff, 0x30, 0x30, 0x34, 0xff, 0x30, 0x30, 0x34, 0xff,
  0x30, 0x30, 0x34, 0xff, 0x30, 0x30, 0x34, 0xff, 0x30, 0x30, 0x34, 0xff, 0x30, 0x30, 0x34, 0xff,
  0x38, 0xa0, 0xa4, 0xff, 0x38, 0xa0, 0xa4, 0xff, 0x38, 0xa0, 0xa4, 0xff, 0x38, 0xa0, 0xa4, 0xff,
  0x38, 0xa0, 0xa4, 0xff, 0x38, 0xa0, 0xa4, 0xff, 0x38, 0xa0, 0xa4, 0xff, 0x38, 0xa0, 0xa4, 0xff,
  0x38, 0xa0, 0xa4, 0xff, 0x38, 0xa0, 0xa4, 0xff, 0x38, 0xa0, 0xa4, 0xff, 0x38, 0xa0, 0xa4, 0xff,
  0x38, 0xa0, 0xa4, 0xff, 0x38, 0xa0, 0xa4, 0xff, 0x38, 0xa0, 0xa4, 0xff, 0x38, 0xa0, 0xa4, 0xff,
  0x2c, 0x78, 0x7c, 0xff, 0x2c, 0x78, 0x7c, 0xff, 0x2c, 0x78, 0x7c, 0xff, 0x2c, 0x78, 0x7c, 0xff,
  0x2c, 0x78, 0x7c, 0xff, 0x2c, 0x78, 0x7c, 0xff, 0x2c, 0x78, 0x7c, 0xff, 0x2c, 0x78, 0x7c, 0xff,
  0xe0, 0xae, 0x83, 0xff, 0xe0, 0xae, 0x83, 0xff, 0xe0, 0xae, 0x83, 0xff, 0xe0, 0xae, 0x83, 0xff,
  0xe0, 0xae, 0x83, 0xff, 0xe0, 0xae, 0x83, 0xff, 0xe0, 0xae, 0x83, 0xff, 0xe0, 0xae, 0x83, 0xff,
  0xe0, 0xae, 0x83, 0xff, 0xe0, 0xae, 0x83, 0xff, 0xe0, 0xae, 0x83, 0xff, 0xe0, 0xae, 0x83, 0xff,
  0xe0, 0xae, 0x83, 0xff, 0xe0, 0xae, 0x83, 0xff, 0xe0, 0xae, 0x83, 0xff, 0xe0, 0xae, 0x83, 0xff,
  0x00, 0x00, 0x00, 0x00, 0x00, 0x00, 0x00, 0x00, 0x00, 0x00, 0x00, 0x00, 0x00, 0x00, 0x00, 0x00,
  0x00, 0x00, 0x00, 0x00, 0x00, 0x00, 0x00, 0x00, 0x00, 0x00, 0x00, 0x00, 0x00, 0x00, 0x00, 0x00,
  0x00, 0x00, 0x00, 0x00, 0x00, 0x00, 0x00, 0x00, 0x00, 0x00, 0x00, 0x00, 0x00, 0x00, 0x00, 0x00,
  0x00, 0x00, 0x00, 0x00, 0x00, 0x00, 0x00, 0x00, 0x00, 0x00, 0x00, 0x00, 0x00, 0x00, 0x00, 0x00,
  0x00, 0x00, 0x00, 0x00, 0x00, 0x00, 0x00, 0x00, 0x00, 0x00, 0x00, 0x00, 0x00, 0x00, 0x00, 0x00,
  0x00, 0x00, 0x00, 0x00, 0x00, 0x00, 0x00, 0x00, 0x00, 0x00, 0x00, 0x00, 0x00, 0x00, 0x00, 0x00,
  0x00, 0x00, 0x00, 0x00, 0x00, 0x00, 0x00, 0x00, 0x00, 0x00, 0x00, 0x00, 0x00, 0x00, 0x00, 0x00,
  0x00, 0x00, 0x00, 0x00, 0x00, 0x00, 0x00, 0x00, 0x00, 0x00, 0x00, 0x00, 0x00, 0x00, 0x00, 0x00,
  0x00, 0x00, 0x00, 0x00, 0x00, 0x00, 0x00, 0x00, 0x00, 0x00, 0x00, 0x00, 0x00, 0x00, 0x00, 0x00,
  0x00, 0x00, 0x00, 0x00, 0x00, 0x00, 0x00, 0x00, 0x00, 0x00, 0x00, 0x00, 0x00, 0x00, 0x00, 0x00,
  0x00, 0x00, 0x00, 0x00, 0x00, 0x00, 0x00, 0x00, 0x00, 0x00, 0x00, 0x00, 0x00, 0x00, 0x00, 0x00,
  0x00, 0x00, 0x00, 0x00, 0x00, 0x00, 0x00, 0x00, 0x00, 0x00, 0x00, 0x00, 0x00, 0x00, 0x00, 0x00,
  0x00, 0x00, 0x00, 0x00, 0x00, 0x00, 0x00, 0x00, 0x00, 0x00, 0x00, 0x00, 0x00, 0x00, 0x00, 0x00,
  0x00, 0x00, 0x00, 0x00, 0x00, 0x00, 0x00, 0x00, 0x00, 0x00, 0x00, 0x00, 0x00, 0x00, 0x00, 0x00,
  0x00, 0x00, 0x00, 0x00, 0x12, 0x12, 0x18, 0xff, 0x12, 0x12, 0x18, 0xff, 0x12, 0x12, 0x18, 0xff,
  0x12, 0x12, 0x18, 0xff, 0x12, 0x12, 0x18, 0xff, 0x12, 0x12, 0x18, 0xff, 0x12, 0x12, 0x18, 0xff,
  0x12, 0x12, 0x18, 0xff, 0x12, 0x12, 0x18, 0xff, 0x12, 0x12, 0x18, 0xff, 0x12, 0x12, 0x18, 0xff,
  0x12, 0x12, 0x18, 0xff, 0x00, 0x00, 0x00, 0x00, 0x00, 0x00, 0x00, 0x00, 0x00, 0x00, 0x00, 0x00,
  0x00, 0x00, 0x00, 0x00, 0x00, 0x00, 0x00, 0x00, 0x00, 0x00, 0x00, 0x00, 0x00, 0x00, 0x00, 0x00,
  0x00, 0x00, 0x00, 0x00, 0x00, 0x00, 0x00, 0x00, 0x00, 0x00, 0x00, 0x00, 0x00, 0x00, 0x00, 0x00,
  0x00, 0x00, 0x00, 0x00, 0x00, 0x00, 0x00, 0x00, 0x00, 0x00, 0x00, 0x00, 0x00, 0x00, 0x00, 0x00,
  0x00, 0x00, 0x00, 0x00, 0x00, 0x00, 0x00, 0x00, 0x00, 0x00, 0x00, 0x00, 0x00, 0x00, 0x00, 0x00,
  0x00, 0x00, 0x00, 0x00, 0x00, 0x00, 0x00, 0x00, 0x00, 0x00, 0x00, 0x00, 0x00, 0x00, 0x00, 0x00,
  0x00, 0x00, 0x00, 0x00, 0x00, 0x00, 0x00, 0x00, 0x00, 0x00, 0x00, 0x00, 0x00, 0x00, 0x00, 0x00,
  0x00, 0x00, 0x00, 0x00, 0x00, 0x00, 0x00, 0x00, 0x00, 0x00, 0x00, 0x00, 0x00, 0x00, 0x00, 0x00,
  0x00, 0x00, 0x00, 0x00, 0x00, 0x00, 0x00, 0x00, 0x00, 0x00, 0x00, 0x00, 0x00, 0x00, 0x00, 0x00,
  0x00, 0x00, 0x00, 0x00, 0x00, 0x00, 0x00, 0x00, 0x00, 0x00, 0x00, 0x00, 0x00, 0x00, 0x00, 0x00,
  0x00, 0x00, 0x00, 0x00, 0x00, 0x00, 0x00, 0x00, 0x00, 0x00, 0x00, 0x00, 0x00, 0x00, 0x00, 0x00,
  0x00, 0x00, 0x00, 0x00, 0x00, 0x00, 0x00, 0x00, 0x00, 0x00, 0x00, 0x00, 0x00, 0x00, 0x00, 0x00,
  0x00, 0x00, 0x00, 0x00, 0x00, 0x00, 0x00, 0x00, 0x00, 0x00, 0x00, 0x00, 0x00, 0x00, 0x00, 0x00,
  0x12, 0x12, 0x18, 0xff, 0x1c, 0x1c, 0x24, 0xff, 0x1c, 0x1c, 0x24, 0xff, 0x1c, 0x1c, 0x24, 0xff,
  0x1c, 0x1c, 0x24, 0xff, 0x1c, 0x1c, 0x24, 0xff, 0x1c, 0x1c, 0x24, 0xff, 0x00, 0x00, 0x00, 0x00,
  0x12, 0x12, 0x18, 0xff, 0x12, 0x12, 0x18, 0xff, 0x12, 0x12, 0x18, 0xff, 0x12, 0x12, 0x18, 0xff,
  0x12, 0x12, 0x18, 0xff, 0x00, 0x00, 0x00, 0x00, 0x00, 0x00, 0x00, 0x00, 0x00, 0x00, 0x00, 0x00,
  0x00, 0x00, 0x00, 0x00, 0x00, 0x00, 0x00, 0x00, 0x00, 0x00, 0x00, 0x00, 0x00, 0x00, 0x00, 0x00,
  0x00, 0x00, 0x00, 0x00, 0x00, 0x00, 0x00, 0x00, 0x00, 0x00, 0x00, 0x00, 0x00, 0x00, 0x00, 0x00,
  0x00, 0x00, 0x00, 0x00, 0x00, 0x00, 0x00, 0x00, 0x00, 0x00, 0x00, 0x00, 0x00, 0x00, 0x00, 0x00,
  0x00, 0x00, 0x00, 0x00, 0x00, 0x00, 0x00, 0x00, 0x00, 0x00, 0x00, 0x00, 0x00, 0x00, 0x00, 0x00,
  0x00, 0x00, 0x00, 0x00, 0x00, 0x00, 0x00, 0x00, 0x00, 0x00, 0x00, 0x00, 0x00, 0x00, 0x00, 0x00,
  0x00, 0x00, 0x00, 0x00, 0x00, 0x00, 0x00, 0x00, 0x00, 0x00, 0x00, 0x00, 0x00, 0x00, 0x00, 0x00,
  0x00, 0x00, 0x00, 0x00, 0x00, 0x00, 0x00, 0x00, 0x00, 0x00, 0x00, 0x00, 0x00, 0x00, 0x00, 0x00,
  0x00, 0x00, 0x00, 0x00, 0x00, 0x00, 0x00, 0x00, 0x00, 0x00, 0x00, 0x00, 0x00, 0x00, 0x00, 0x00,
  0x00, 0x00, 0x00, 0x00, 0x00, 0x00, 0x00, 0x00, 0x00, 0x00, 0x00, 0x00, 0x00, 0x00, 0x00, 0x00,
  0x00, 0x00, 0x00, 0x00, 0x00, 0x00, 0x00, 0x00, 0x00, 0x00, 0x00, 0x00, 0x00, 0x00, 0x00, 0x00,
  0x00, 0x00, 0x00, 0x00, 0x00, 0x00, 0x00, 0x00, 0x00, 0x00, 0x00, 0x00, 0x00, 0x00, 0x00, 0x00,
  0x00, 0x00, 0x00, 0x00, 0x00, 0x00, 0x00, 0x00, 0x00, 0x00, 0x00, 0x00, 0x00, 0x00, 0x00, 0x00,
  0x12, 0x12, 0x18, 0xff, 0x1c, 0x1c, 0x24, 0xff, 0x1c, 0x1c, 0x24, 0xff, 0x1c, 0x1c, 0x24, 0xff,
  0x1c, 0x1c, 0x24, 0xff, 0x1c, 0x1c, 0x24, 0xff, 0x1c, 0x1c, 0x24, 0xff, 0x00, 0x00, 0x00, 0x00,
  0x12, 0x12, 0x18, 0xff, 0x12, 0x12, 0x18, 0xff, 0x12, 0x12, 0x18, 0xff, 0x12, 0x12, 0x18, 0xff,
  0x12, 0x12, 0x18, 0xff, 0x12, 0x12, 0x18, 0xff, 0x00, 0x00, 0x00, 0x00, 0x00, 0x00, 0x00, 0x00,
  0x00, 0x00, 0x00, 0x00, 0x00, 0x00, 0x00, 0x00, 0x00, 0x00, 0x00, 0x00, 0x00, 0x00, 0x00, 0x00,
  0x00, 0x00, 0x00, 0x00, 0x00, 0x00, 0x00, 0x00, 0x00, 0x00, 0x00, 0x00, 0x00, 0x00, 0x00, 0x00,
  0x00, 0x00, 0x00, 0x00, 0x00, 0x00, 0x00, 0x00, 0x00, 0x00, 0x00, 0x00, 0x00, 0x00, 0x00, 0x00,
  0x00, 0x00, 0x00, 0x00, 0x00, 0x00, 0x00, 0x00, 0x00, 0x00, 0x00, 0x00, 0x00, 0x00, 0x00, 0x00,
  0x00, 0x00, 0x00, 0x00, 0x00, 0x00, 0x00, 0x00, 0x00, 0x00, 0x00, 0x00, 0x00, 0x00, 0x00, 0x00,
  0x00, 0x00, 0x00, 0x00, 0x00, 0x00, 0x00, 0x00, 0x00, 0x00, 0x00, 0x00, 0x00, 0x00, 0x00, 0x00,
  0x00, 0x00, 0x00, 0x00, 0x00, 0x00, 0x00, 0x00, 0x00, 0x00, 0x00, 0x00, 0x00, 0x00, 0x00, 0x00,
  0x00, 0x00, 0x00, 0x00, 0x00, 0x00, 0x00, 0x00, 0x00, 0x00, 0x00, 0x00, 0x00, 0x00, 0x00, 0x00,
  0x00, 0x00, 0x00, 0x00, 0x00, 0x00, 0x00, 0x00, 0x00, 0x00, 0x00, 0x00, 0x00, 0x00, 0x00, 0x00,
  0x00, 0x00, 0x00, 0x00, 0x00, 0x00, 0x00, 0x00, 0x00, 0x00, 0x00, 0x00, 0x00, 0x00, 0x00, 0x00,
  0x00, 0x00, 0x00, 0x00, 0x00, 0x00, 0x00, 0x00, 0x00, 0x00, 0x00, 0x00, 0x00, 0x00, 0x00, 0x00,
  0x00, 0x00, 0x00, 0x00, 0x00, 0x00, 0x00, 0x00, 0x00, 0x00, 0x00, 0x00, 0x00, 0x00, 0x00, 0x00,
  0x12, 0x12, 0x18, 0xff, 0x1c, 0x1c, 0x24, 0xff, 0x1c, 0x1c, 0x24, 0xff, 0x1c, 0x1c, 0x24, 0xff,
  0x1c, 0x1c, 0x24, 0xff, 0x1c, 0x1c, 0x24, 0xff, 0x1c, 0x1c, 0x24, 0xff, 0x00, 0x00, 0x00, 0x00,
  0x00, 0x00, 0x00, 0x00, 0x12, 0x12, 0x18, 0xff, 0x12, 0x12, 0x18, 0xff, 0x12, 0x12, 0x18, 0xff,
  0x12, 0x12, 0x18, 0xff, 0x12, 0x12, 0x18, 0xff, 0x00, 0x00, 0x00, 0x00, 0x00, 0x00, 0x00, 0x00,
  0x00, 0x00, 0x00, 0x00, 0x00, 0x00, 0x00, 0x00, 0x00, 0x00, 0x00, 0x00, 0x00, 0x00, 0x00, 0x00,
  0x00, 0x00, 0x00, 0x00, 0x00, 0x00, 0x00, 0x00, 0x00, 0x00, 0x00, 0x00, 0x00, 0x00, 0x00, 0x00,
  0x00, 0x00, 0x00, 0x00, 0x00, 0x00, 0x00, 0x00, 0x00, 0x00, 0x00, 0x00, 0x00, 0x00, 0x00, 0x00,
  0x00, 0x00, 0x00, 0x00, 0x00, 0x00, 0x00, 0x00, 0x00, 0x00, 0x00, 0x00, 0x00, 0x00, 0x00, 0x00,
  0x00, 0x00, 0x00, 0x00, 0x00, 0x00, 0x00, 0x00, 0x00, 0x00, 0x00, 0x00, 0x00, 0x00, 0x00, 0x00,
  0x00, 0x00, 0x00, 0x00, 0x00, 0x00, 0x00, 0x00, 0x00, 0x00, 0x00, 0x00, 0x00, 0x00, 0x00, 0x00,
  0x00, 0x00, 0x00, 0x00, 0x00, 0x00, 0x00, 0x00, 0x00, 0x00, 0x00, 0x00, 0x00, 0x00, 0x00, 0x00,
  0x00, 0x00, 0x00, 0x00, 0x00, 0x00, 0x00, 0x00, 0x00, 0x00, 0x00, 0x00, 0x00, 0x00, 0x00, 0x00,
  0x00, 0x00, 0x00, 0x00, 0x00, 0x00, 0x00, 0x00, 0x00, 0x00, 0x00, 0x00, 0x00, 0x00, 0x00, 0x00,
  0x00, 0x00, 0x00, 0x00, 0x00, 0x00, 0x00, 0x00, 0x00, 0x00, 0x00, 0x00, 0x00, 0x00, 0x00, 0x00,
  0x00, 0x00, 0x00, 0x00, 0x00, 0x00, 0x00, 0x00, 0x00, 0x00, 0x00, 0x00, 0x00, 0x00, 0x00, 0x00,
  0x00, 0x00, 0x00, 0x00, 0x00, 0x00, 0x00, 0x00, 0x00, 0x00, 0x00, 0x00, 0x00, 0x00, 0x00, 0x00,
  0x12, 0x12, 0x18, 0xff, 0x1c, 0x1c, 0x24, 0xff, 0x1c, 0x1c, 0x24, 0xff, 0x1c, 0x1c, 0x24, 0xff,
  0x1c, 0x1c, 0x24, 0xff, 0x1c, 0x1c, 0x24, 0xff, 0x1c, 0x1c, 0x24, 0xff, 0x00, 0x00, 0x00, 0x00,
  0x00, 0x00, 0x00, 0x00, 0x00, 0x00, 0x00, 0x00, 0x12, 0x12, 0x18, 0xff, 0x12, 0x12, 0x18, 0xff,
  0x12, 0x12, 0x18, 0xff, 0x12, 0x12, 0x18, 0xff, 0x00, 0x00, 0x00, 0x00, 0x00, 0x00, 0x00, 0x00,
  0x00, 0x00, 0x00, 0x00, 0x00, 0x00, 0x00, 0x00, 0x00, 0x00, 0x00, 0x00, 0x00, 0x00, 0x00, 0x00,
  0x00, 0x00, 0x00, 0x00, 0x00, 0x00, 0x00, 0x00, 0x00, 0x00, 0x00, 0x00, 0x00, 0x00, 0x00, 0x00,
  0x00, 0x00, 0x00, 0x00, 0x00, 0x00, 0x00, 0x00, 0x00, 0x00, 0x00, 0x00, 0x00, 0x00, 0x00, 0x00,
  0x00, 0x00, 0x00, 0x00, 0x00, 0x00, 0x00, 0x00, 0x00, 0x00, 0x00, 0x00, 0x00, 0x00, 0x00, 0x00,
  0x00, 0x00, 0x00, 0x00, 0x00, 0x00, 0x00, 0x00, 0x00, 0x00, 0x00, 0x00, 0x00, 0x00, 0x00, 0x00,
  0x00, 0x00, 0x00, 0x00, 0x00, 0x00, 0x00, 0x00, 0x00, 0x00, 0x00, 0x00, 0x00, 0x00, 0x00, 0x00,
  0x00, 0x00, 0x00, 0x00, 0x00, 0x00, 0x00, 0x00, 0x00, 0x00, 0x00, 0x00, 0x00, 0x00, 0x00, 0x00,
  0x00, 0x00, 0x00, 0x00, 0x00, 0x00, 0x00, 0x00, 0x00, 0x00, 0x00, 0x00, 0x00, 0x00, 0x00, 0x00,
  0x00, 0x00, 0x00, 0x00, 0x00, 0x00, 0x00, 0x00, 0x00, 0x00, 0x00, 0x00, 0x00, 0x00, 0x00, 0x00,
  0x00, 0x00, 0x00, 0x00, 0x00, 0x00, 0x00, 0x00, 0x00, 0x00, 0x00, 0x00, 0x00, 0x00, 0x00, 0x00,
  0x00, 0x00, 0x00, 0x00, 0x00, 0x00, 0x00, 0x00, 0x00, 0x00, 0x00, 0x00, 0x00, 0x00, 0x00, 0x00,
  0x00, 0x00, 0x00, 0x00, 0x00, 0x00, 0x00, 0x00, 0x00, 0x00, 0x00, 0x00, 0x00, 0x00, 0x00, 0x00,
  0x12, 0x12, 0x18, 0xff, 0x1c, 0x1c, 0x24, 0xff, 0x1c, 0x1c, 0x24, 0xff, 0x1c, 0x1c, 0x24, 0xff,
  0x1c, 0x1c, 0x24, 0xff, 0x1c, 0x1c, 0x24, 0xff, 0x1c, 0x1c, 0x24, 0xff, 0x00, 0x00, 0x00, 0x00,
  0x00, 0x00, 0x00, 0x00, 0x12, 0x12, 0x18, 0xff, 0x00, 0x00, 0x00, 0x00, 0x12, 0x12, 0x18, 0xff,
  0x12, 0x12, 0x18, 0xff, 0x12, 0x12, 0x18, 0xff, 0x00, 0x00, 0x00, 0x00, 0x00, 0x00, 0x00, 0x00,
  0x00, 0x00, 0x00, 0x00, 0x00, 0x00, 0x00, 0x00, 0x00, 0x00, 0x00, 0x00, 0x00, 0x00, 0x00, 0x00,
  0x00, 0x00, 0x00, 0x00, 0x00, 0x00, 0x00, 0x00, 0x00, 0x00, 0x00, 0x00, 0x00, 0x00, 0x00, 0x00,
  0x00, 0x00, 0x00, 0x00, 0x00, 0x00, 0x00, 0x00, 0x00, 0x00, 0x00, 0x00, 0x00, 0x00, 0x00, 0x00,
  0x00, 0x00, 0x00, 0x00, 0x00, 0x00, 0x00, 0x00, 0x00, 0x00, 0x00, 0x00, 0x00, 0x00, 0x00, 0x00,
  0x00, 0x00, 0x00, 0x00, 0x00, 0x00, 0x00, 0x00, 0x00, 0x00, 0x00, 0x00, 0x00, 0x00, 0x00, 0x00,
  0x00, 0x00, 0x00, 0x00, 0x00, 0x00, 0x00, 0x00, 0x00, 0x00, 0x00, 0x00, 0x00, 0x00, 0x00, 0x00,
  0x00, 0x00, 0x00, 0x00, 0x00, 0x00, 0x00, 0x00, 0x00, 0x00, 0x00, 0x00, 0x00, 0x00, 0x00, 0x00,
  0x00, 0x00, 0x00, 0x00, 0x00, 0x00, 0x00, 0x00, 0x00, 0x00, 0x00, 0x00, 0x00, 0x00, 0x00, 0x00,
  0x00, 0x00, 0x00, 0x00, 0x00, 0x00, 0x00, 0x00, 0x00, 0x00, 0x00, 0x00, 0x00, 0x00, 0x00, 0x00,
  0x00, 0x00, 0x00, 0x00, 0x00, 0x00, 0x00, 0x00, 0x00, 0x00, 0x00, 0x00, 0x00, 0x00, 0x00, 0x00,
  0x00, 0x00, 0x00, 0x00, 0x00, 0x00, 0x00, 0x00, 0x00, 0x00, 0x00, 0x00, 0x00, 0x00, 0x00, 0x00,
  0x00, 0x00, 0x00, 0x00, 0x00, 0x00, 0x00, 0x00, 0x00, 0x00, 0x00, 0x00, 0x00, 0x00, 0x00, 0x00,
  0x12, 0x12, 0x18, 0xff, 0x1c, 0x1c, 0x24, 0xff, 0x1c, 0x1c, 0x24, 0xff, 0x1c, 0x1c, 0x24, 0xff,
  0x1c, 0x1c, 0x24, 0xff, 0x1c, 0x1c, 0x24, 0xff, 0x1c, 0x1c, 0x24, 0xff, 0x00, 0x00, 0x00, 0x00,
  0x00, 0x00, 0x00, 0x00, 0x12, 0x12, 0x18, 0xff, 0x00, 0x00, 0x00, 0x00, 0x00, 0x00, 0x00, 0x00,
  0x12, 0x12, 0x18, 0xff, 0x12, 0x12, 0x18, 0xff, 0x00, 0x00, 0x00, 0x00, 0x00, 0x00, 0x00, 0x00,
  0x00, 0x00, 0x00, 0x00, 0x00, 0x00, 0x00, 0x00, 0x00, 0x00, 0x00, 0x00, 0x00, 0x00, 0x00, 0x00,
  0x00, 0x00, 0x00, 0x00, 0x00, 0x00, 0x00, 0x00, 0x00, 0x00, 0x00, 0x00, 0x00, 0x00, 0x00, 0x00,
  0x00, 0x00, 0x00, 0x00, 0x00, 0x00, 0x00, 0x00, 0x00, 0x00, 0x00, 0x00, 0x00, 0x00, 0x00, 0x00,
  0x00, 0x00, 0x00, 0x00, 0x00, 0x00, 0x00, 0x00, 0x00, 0x00, 0x00, 0x00, 0x00, 0x00, 0x00, 0x00,
  0x00, 0x00, 0x00, 0x00, 0x00, 0x00, 0x00, 0x00, 0x00, 0x00, 0x00, 0x00, 0x00, 0x00, 0x00, 0x00,
  0x00, 0x00, 0x00, 0x00, 0x00, 0x00, 0x00, 0x00, 0x00, 0x00, 0x00, 0x00, 0x00, 0x00, 0x00, 0x00,
  0x00, 0x00, 0x00, 0x00, 0x00, 0x00, 0x00, 0x00, 0x00, 0x00, 0x00, 0x00, 0x00, 0x00, 0x00, 0x00,
  0x00, 0x00, 0x00, 0x00, 0x00, 0x00, 0x00, 0x00, 0x00, 0x00, 0x00, 0x00, 0x00, 0x00, 0x00, 0x00,
  0x00, 0x00, 0x00, 0x00, 0x00, 0x00, 0x00, 0x00, 0x00, 0x00, 0x00, 0x00, 0x00, 0x00, 0x00, 0x00,
  0x00, 0x00, 0x00, 0x00, 0x00, 0x00, 0x00, 0x00, 0x00, 0x00, 0x00, 0x00, 0x00, 0x00, 0x00, 0x00,
  0x00, 0x00, 0x00, 0x00, 0x00, 0x00, 0x00, 0x00, 0x00, 0x00, 0x00, 0x00, 0x00, 0x00, 0x00, 0x00,
  0x00, 0x00, 0x00, 0x00, 0x00, 0x00, 0x00, 0x00, 0x00, 0x00, 0x00, 0x00, 0x00, 0x00, 0x00, 0x00,
  0x12, 0x12, 0x18, 0xff, 0x1c, 0x1c, 0x24, 0xff, 0x1c, 0x1c, 0x24, 0xff, 0x1c, 0x1c, 0x24, 0xff,
  0x1c, 0x1c, 0x24, 0xff, 0x1c, 0x1c, 0x24, 0xff, 0x1c, 0x1c, 0x24, 0xff, 0x00, 0x00, 0x00, 0x00,
  0x00, 0x00, 0x00, 0x00, 0x12, 0x12, 0x18, 0xff, 0x12, 0x12, 0x18, 0xff, 0x00, 0x00, 0x00, 0x00,
  0x12, 0x12, 0x18, 0xff, 0x12, 0x12, 0x18, 0xff, 0x00, 0x00, 0x00, 0x00, 0x00, 0x00, 0x00, 0x00,
  0x00, 0x00, 0x00, 0x00, 0x00, 0x00, 0x00, 0x00, 0x00, 0x00, 0x00, 0x00, 0x00, 0x00, 0x00, 0x00,
  0x00, 0x00, 0x00, 0x00, 0x00, 0x00, 0x00, 0x00, 0x00, 0x00, 0x00, 0x00, 0x00, 0x00, 0x00, 0x00,
  0x00, 0x00, 0x00, 0x00, 0x00, 0x00, 0x00, 0x00, 0x00, 0x00, 0x00, 0x00, 0x00, 0x00, 0x00, 0x00,
  0x00, 0x00, 0x00, 0x00, 0x00, 0x00, 0x00, 0x00, 0x00, 0x00, 0x00, 0x00, 0x00, 0x00, 0x00, 0x00,
  0x00, 0x00, 0x00, 0x00, 0x00, 0x00, 0x00, 0x00, 0x00, 0x00, 0x00, 0x00, 0x00, 0x00, 0x00, 0x00,
  0x00, 0x00, 0x00, 0x00, 0x00, 0x00, 0x00, 0x00, 0x00, 0x00, 0x00, 0x00, 0x00, 0x00, 0x00, 0x00,
  0x00, 0x00, 0x00, 0x00, 0x00, 0x00, 0x00, 0x00, 0x00, 0x00, 0x00, 0x00, 0x00, 0x00, 0x00, 0x00,
  0x00, 0x00, 0x00, 0x00, 0x00, 0x00, 0x00, 0x00, 0x00, 0x00, 0x00, 0x00, 0x00, 0x00, 0x00, 0x00,
  0x00, 0x00, 0x00, 0x00, 0x00, 0x00, 0x00, 0x00, 0x00, 0x00, 0x00, 0x00, 0x00, 0x00, 0x00, 0x00,
  0x00, 0x00, 0x00, 0x00, 0x00, 0x00, 0x00, 0x00, 0x00, 0x00, 0x00, 0x00, 0x00, 0x00, 0x00, 0x00,
  0x00, 0x00, 0x00, 0x00, 0x00, 0x00, 0x00, 0x00, 0x00, 0x00, 0x00, 0x00, 0x00, 0x00, 0x00, 0x00,
  0x00, 0x00, 0x00, 0x00, 0x00, 0x00, 0x00, 0x00, 0x00, 0x00, 0x00, 0x00, 0x00, 0x00, 0x00, 0x00,
  0x12, 0x12, 0x18, 0xff, 0x1c, 0x1c, 0x24, 0xff, 0x1c, 0x1c, 0x24, 0xff, 0x1c, 0x1c, 0x24, 0xff,
  0x1c, 0x1c, 0x24, 0xff, 0x1c, 0x1c, 0x24, 0xff, 0x1c, 0x1c, 0x24, 0xff, 0x00, 0x00, 0x00, 0x00,
  0x00, 0x00, 0x00, 0x00, 0x00, 0x00, 0x00, 0x00, 0x12, 0x12, 0x18, 0xff, 0x00, 0x00, 0x00, 0x00,
  0x00, 0x00, 0x00, 0x00, 0x12, 0x12, 0x18, 0xff, 0x00, 0x00, 0x00, 0x00, 0x00, 0x00, 0x00, 0x00,
  0x00, 0x00, 0x00, 0x00, 0x00, 0x00, 0x00, 0x00, 0x00, 0x00, 0x00, 0x00, 0x00, 0x00, 0x00, 0x00,
  0x00, 0x00, 0x00, 0x00, 0x00, 0x00, 0x00, 0x00, 0x00, 0x00, 0x00, 0x00, 0x00, 0x00, 0x00, 0x00,
  0x00, 0x00, 0x00, 0x00, 0x00, 0x00, 0x00, 0x00, 0x00, 0x00, 0x00, 0x00, 0x00, 0x00, 0x00, 0x00,
  0x00, 0x00, 0x00, 0x00, 0x00, 0x00, 0x00, 0x00, 0x00, 0x00, 0x00, 0x00, 0x00, 0x00, 0x00, 0x00,
  0x00, 0x00, 0x00, 0x00, 0x00, 0x00, 0x00, 0x00, 0x00, 0x00, 0x00, 0x00, 0x00, 0x00, 0x00, 0x00,
  0x00, 0x00, 0x00, 0x00, 0x00, 0x00, 0x00, 0x00, 0x00, 0x00, 0x00, 0x00, 0x00, 0x00, 0x00, 0x00,
  0x00, 0x00, 0x00, 0x00, 0x00, 0x00, 0x00, 0x00, 0x00, 0x00, 0x00, 0x00, 0x00, 0x00, 0x00, 0x00,
  0x00, 0x00, 0x00, 0x00, 0x00, 0x00, 0x00, 0x00, 0x00, 0x00, 0x00, 0x00, 0x00, 0x00, 0x00, 0x00,
  0x00, 0x00, 0x00, 0x00, 0x00, 0x00, 0x00, 0x00, 0x00, 0x00, 0x00, 0x00, 0x00, 0x00, 0x00, 0x00,
  0x00, 0x00, 0x00, 0x00, 0x00, 0x00, 0x00, 0x00, 0x00, 0x00, 0x00, 0x00, 0x00, 0x00, 0x00, 0x00,
  0x00, 0x00, 0x00, 0x00, 0x00, 0x00, 0x00, 0x00, 0x00, 0x00, 0x00, 0x00, 0x00, 0x00, 0x00, 0x00,
  0x00, 0x00, 0x00, 0x00, 0x00, 0x00, 0x00, 0x00, 0x00, 0x00, 0x00, 0x00, 0x00, 0x00, 0x00, 0x00,
  0x12, 0x12, 0x18, 0xff, 0x1c, 0x1c, 0x24, 0xff, 0x1c, 0x1c, 0x24, 0xff, 0x1c, 0x1c, 0x24, 0xff,
  0x1c, 0x1c, 0x24, 0xff, 0x1c, 0x1c, 0x24, 0xff, 0x1c, 0x1c, 0x24, 0xff, 0x00, 0x00, 0x00, 0x00,
  0x00, 0x00, 0x00, 0x00, 0x00, 0x00, 0x00, 0x00, 0x00, 0x00, 0x00, 0x00, 0x12, 0x12, 0x18, 0xff,
  0x00, 0x00, 0x00, 0x00, 0x12, 0x12, 0x18, 0xff, 0x00, 0x00, 0x00, 0x00, 0x00, 0x00, 0x00, 0x00,
  0x00, 0x00, 0x00, 0x00, 0x00, 0x00, 0x00, 0x00, 0x00, 0x00, 0x00, 0x00, 0x00, 0x00, 0x00, 0x00,
  0x00, 0x00, 0x00, 0x00, 0x00, 0x00, 0x00, 0x00, 0x00, 0x00, 0x00, 0x00, 0x00, 0x00, 0x00, 0x00,
  0x00, 0x00, 0x00, 0x00, 0x00, 0x00, 0x00, 0x00, 0x00, 0x00, 0x00, 0x00, 0x00, 0x00, 0x00, 0x00,
  0x00, 0x00, 0x00, 0x00, 0x00, 0x00, 0x00, 0x00, 0x00, 0x00, 0x00, 0x00, 0x00, 0x00, 0x00, 0x00,
  0x00, 0x00, 0x00, 0x00, 0x00, 0x00, 0x00, 0x00, 0x00, 0x00, 0x00, 0x00, 0x00, 0x00, 0x00, 0x00,
  0x00, 0x00, 0x00, 0x00, 0x00, 0x00, 0x00, 0x00, 0x00, 0x00, 0x00, 0x00, 0x00, 0x00, 0x00, 0x00,
  0x00, 0x00, 0x00, 0x00, 0x00, 0x00, 0x00, 0x00, 0x00, 0x00, 0x00, 0x00, 0x00, 0x00, 0x00, 0x00,
  0x00, 0x00, 0x00, 0x00, 0x00, 0x00, 0x00, 0x00, 0x00, 0x00, 0x00, 0x00, 0x00, 0x00, 0x00, 0x00,
  0x00, 0x00, 0x00, 0x00, 0x00, 0x00, 0x00, 0x00, 0x00, 0x00, 0x00, 0x00, 0x00, 0x00, 0x00, 0x00,
  0x00, 0x00, 0x00, 0x00, 0x00, 0x00, 0x00, 0x00, 0x00, 0x00, 0x00, 0x00, 0x00, 0x00, 0x00, 0x00,
  0x00, 0x00, 0x00, 0x00, 0x00, 0x00, 0x00, 0x00, 0x00, 0x00, 0x00, 0x00, 0x00, 0x00, 0x00, 0x00,
  0x00, 0x00, 0x00, 0x00, 0x00, 0x00, 0x00, 0x00, 0x00, 0x00, 0x00, 0x00, 0x00, 0x00, 0x00, 0x00,
  0x12, 0x12, 0x18, 0xff, 0x1c, 0x1c, 0x24, 0xff, 0x1c, 0x1c, 0x24, 0xff, 0x1c, 0x1c, 0x24, 0xff,
  0x1c, 0x1c, 0x24, 0xff, 0x1c, 0x1c, 0x24, 0xff, 0x1c, 0x1c, 0x24, 0xff, 0x00, 0x00, 0x00, 0x00,
  0x00, 0x00, 0x00, 0x00, 0x00, 0x00, 0x00, 0x00, 0x00, 0x00, 0x00, 0x00, 0x12, 0x12, 0x18, 0xff,
  0x00, 0x00, 0x00, 0x00, 0x00, 0x00, 0x00, 0x00, 0x00, 0x00, 0x00, 0x00, 0x00, 0x00, 0x00, 0x00,
  0x00, 0x00, 0x00, 0x00, 0x00, 0x00, 0x00, 0x00, 0x00, 0x00, 0x00, 0x00, 0x00, 0x00, 0x00, 0x00,
  0x00, 0x00, 0x00, 0x00, 0x00, 0x00, 0x00, 0x00, 0x00, 0x00, 0x00, 0x00, 0x00, 0x00, 0x00, 0x00,
  0x00, 0x00, 0x00, 0x00, 0x00, 0x00, 0x00, 0x00, 0x00, 0x00, 0x00, 0x00, 0x00, 0x00, 0x00, 0x00,
  0x00, 0x00, 0x00, 0x00, 0x00, 0x00, 0x00, 0x00, 0x00, 0x00, 0x00, 0x00, 0x00, 0x00, 0x00, 0x00,
  0x00, 0x00, 0x00, 0x00, 0x00, 0x00, 0x00, 0x00, 0x00, 0x00, 0x00, 0x00, 0x00, 0x00, 0x00, 0x00,
  0x00, 0x00, 0x00, 0x00, 0x00, 0x00, 0x00, 0x00, 0x00, 0x00, 0x00, 0x00, 0x00, 0x00, 0x00, 0x00,
  0x00, 0x00, 0x00, 0x00, 0x00, 0x00, 0x00, 0x00, 0x00, 0x00, 0x00, 0x00, 0x00, 0x00, 0x00, 0x00,
  0x00, 0x00, 0x00, 0x00, 0x00, 0x00, 0x00, 0x00, 0x00, 0x00, 0x00, 0x00, 0x00, 0x00, 0x00, 0x00,
  0x00, 0x00, 0x00, 0x00, 0x00, 0x00, 0x00, 0x00, 0x00, 0x00, 0x00, 0x00, 0x00, 0x00, 0x00, 0x00,
  0x00, 0x00, 0x00, 0x00, 0x00, 0x00, 0x00, 0x00, 0x00, 0x00, 0x00, 0x00, 0x00, 0x00, 0x00, 0x00,
  0x00, 0x00, 0x00, 0x00, 0x00, 0x00, 0x00, 0x00, 0x00, 0x00, 0x00, 0x00, 0x00, 0x00, 0x00, 0x00,
  0x00, 0x00, 0x00, 0x00, 0x00, 0x00, 0x00, 0x00, 0x00, 0x00, 0x00, 0x00, 0x00, 0x00, 0x00, 0x00,
  0x00, 0x00, 0x00, 0x00, 0x00, 0x00, 0x00, 0x00, 0x00, 0x00, 0x00, 0x00, 0x00, 0x00, 0x00, 0x00,
  0x00, 0x00, 0x00, 0x00, 0x00, 0x00, 0x00, 0x00, 0x00, 0x00, 0x00, 0x00, 0x00, 0x00, 0x00, 0x00,
  0x00, 0x00, 0x00, 0x00, 0x00, 0x00, 0x00, 0x00, 0x00, 0x00, 0x00, 0x00, 0x00, 0x00, 0x00, 0x00,
  0x00, 0x00, 0x00, 0x00, 0x00, 0x00, 0x00, 0x00, 0x00, 0x00, 0x00, 0x00, 0x00, 0x00, 0x00, 0x00,
  0x00, 0x00, 0x00, 0x00, 0x00, 0x00, 0x00, 0x00, 0x00, 0x00, 0x00, 0x00, 0x00, 0x00, 0x00, 0x00,
  0x00, 0x00, 0x00, 0x00, 0x00, 0x00, 0x00, 0x00, 0x00, 0x00, 0x00, 0x00, 0x00, 0x00, 0x00, 0x00,
  0x00, 0x00, 0x00, 0x00, 0x00, 0x00, 0x00, 0x00, 0x00, 0x00, 0x00, 0x00, 0x00, 0x00, 0x00, 0x00,
  0x00, 0x00, 0x00, 0x00, 0x00, 0x00, 0x00, 0x00, 0x00, 0x00, 0x00, 0x00, 0x00, 0x00, 0x00, 0x00,
  0x00, 0x00, 0x00, 0x00, 0x00, 0x00, 0x00, 0x00, 0x00, 0x00, 0x00, 0x00, 0x00, 0x00, 0x00, 0x00,
  0x00, 0x00, 0x00, 0x00, 0x00, 0x00, 0x00, 0x00, 0x00, 0x00, 0x00, 0x00, 0x00, 0x00, 0x00, 0x00,
  0x00, 0x00, 0x00, 0x00, 0x00, 0x00, 0x00, 0x00, 0x00, 0x00, 0x00, 0x00, 0x00, 0x00, 0x00, 0x00,
  0x00, 0x00, 0x00, 0x00, 0x00, 0x00, 0x00, 0x00, 0x00, 0x00, 0x00, 0x00, 0x00, 0x00, 0x00, 0x00,
  0x00, 0x00, 0x00, 0x00, 0x00, 0x00, 0x00, 0x00, 0x00, 0x00, 0x00, 0x00, 0x00, 0x00, 0x00, 0x00,
  0x00, 0x00, 0x00, 0x00, 0x00, 0x00, 0x00, 0x00, 0x00, 0x00, 0x00, 0x00, 0x00, 0x00, 0x00, 0x00,
  0x00, 0x00, 0x00, 0x00, 0x00, 0x00, 0x00, 0x00, 0x00, 0x00, 0x00, 0x00, 0x00, 0x00, 0x00, 0x00,
  0x00, 0x00, 0x00, 0x00, 0x00, 0x00, 0x00, 0x00, 0x00, 0x00, 0x00, 0x00, 0x00, 0x00, 0x00, 0x00,
  0x00, 0x00, 0x00, 0x00, 0x00, 0x00, 0x00, 0x00, 0x00, 0x00, 0x00, 0x00, 0x00, 0x00, 0x00, 0x00,
  0x00, 0x00, 0x00, 0x00, 0x00, 0x00, 0x00, 0x00, 0x00, 0x00, 0x00, 0x00, 0x00, 0x00, 0x00, 0x00,
  0x00, 0x00, 0x00, 0x00, 0x00, 0x00, 0x00, 0x00, 0x00, 0x00, 0x00, 0x00, 0x00, 0x00, 0x00, 0x00,
  0x00, 0x00, 0x00, 0x00, 0x00, 0x00, 0x00, 0x00, 0x00, 0x00, 0x00, 0x00, 0x00, 0x00, 0x00, 0x00,
  0x00, 0x00, 0x00, 0x00, 0x00, 0x00, 0x00, 0x00, 0x00, 0x00, 0x00, 0x00, 0x00, 0x00, 0x00, 0x00,
  0x00, 0x00, 0x00, 0x00, 0x00, 0x00, 0x00, 0x00, 0x00, 0x00, 0x00, 0x00, 0x00, 0x00, 0x00, 0x00,
  0x00, 0x00, 0x00, 0x00, 0x00, 0x00, 0x00, 0x00, 0x00, 0x00, 0x00, 0x00, 0x00, 0x00, 0x00, 0x00,
  0x00, 0x00, 0x00, 0x00, 0x00, 0x00, 0x00, 0x00, 0x00, 0x00, 0x00, 0x00, 0x00, 0x00, 0x00, 0x00,
  0x00, 0x00, 0x00, 0x00, 0x00, 0x00, 0x00, 0x00, 0x00, 0x00, 0x00, 0x00, 0x00, 0x00, 0x00, 0x00,
  0x00, 0x00, 0x00, 0x00, 0x00, 0x00, 0x00, 0x00, 0x00, 0x00, 0x00, 0x00, 0x00, 0x00, 0x00, 0x00,
  0x00, 0x00, 0x00, 0x00, 0x00, 0x00, 0x00, 0x00, 0x00, 0x00, 0x00, 0x00, 0x00, 0x00, 0x00, 0x00,
  0x00, 0x00, 0x00, 0x00, 0x00, 0x00, 0x00, 0x00, 0x00, 0x00, 0x00, 0x00, 0x00, 0x00, 0x00, 0x00,
  0x00, 0x00, 0x00, 0x00, 0x00, 0x00, 0x00, 0x00, 0x00, 0x00, 0x00, 0x00, 0x00, 0x00, 0x00, 0x00,
  0x00, 0x00, 0x00, 0x00, 0x00, 0x00, 0x00, 0x00, 0x00, 0x00, 0x00, 0x00, 0x00, 0x00, 0x00, 0x00,
  0x00, 0x00, 0x00, 0x00, 0x00, 0x00, 0x00, 0x00, 0x00, 0x00, 0x00, 0x00, 0x00, 0x00, 0x00, 0x00,
  0x00, 0x00, 0x00, 0x00, 0x00, 0x00, 0x00, 0x00, 0x00, 0x00, 0x00, 0x00, 0x00, 0x00, 0x00, 0x00,
  0x00, 0x00, 0x00, 0x00, 0x00, 0x00, 0x00, 0x00, 0x00, 0x00, 0x00, 0x00, 0x00, 0x00, 0x00, 0x00,
  0x00, 0x00, 0x00, 0x00, 0x00, 0x00, 0x00, 0x00, 0x00, 0x00, 0x00, 0x00, 0x00, 0x00, 0x00, 0x00,
  0x00, 0x00, 0x00, 0x00, 0x00, 0x00, 0x00, 0x00, 0x00, 0x00, 0x00, 0x00, 0x00, 0x00, 0x00, 0x00,
  0x00, 0x00, 0x00, 0x00, 0x00, 0x00, 0x00, 0x00, 0x00, 0x00, 0x00, 0x00, 0x00, 0x00, 0x00, 0x00,
  0x00, 0x00, 0x00, 0x00, 0x00, 0x00, 0x00, 0x00, 0x00, 0x00, 0x00, 0x00, 0x00, 0x00, 0x00, 0x00,
  0x00, 0x00, 0x00, 0x00, 0x00, 0x00, 0x00, 0x00, 0x00, 0x00, 0x00, 0x00, 0x00, 0x00, 0x00, 0x00,
  0x00, 0x00, 0x00, 0x00, 0x00, 0x00, 0x00, 0x00, 0x00, 0x00, 0x00, 0x00, 0x00, 0x00, 0x00, 0x00,
  0x00, 0x00, 0x00, 0x00, 0x00, 0x00, 0x00, 0x00, 0x00, 0x00, 0x00, 0x00, 0x00, 0x00, 0x00, 0x00,
  0x00, 0x00, 0x00, 0x00, 0x00, 0x00, 0x00, 0x00, 0x00, 0x00, 0x00, 0x00, 0x00, 0x00, 0x00, 0x00,
  0x00, 0x00, 0x00, 0x00, 0x00, 0x00, 0x00, 0x00, 0x00, 0x00, 0x00, 0x00, 0x00, 0x00, 0x00, 0x00,
  0x00, 0x00, 0x00, 0x00, 0x00, 0x00, 0x00, 0x00, 0x00, 0x00, 0x00, 0x00, 0x00, 0x00, 0x00, 0x00,
  0x00, 0x00, 0x00, 0x00, 0x00, 0x00, 0x00, 0x00, 0x00, 0x00, 0x00, 0x00, 0x00, 0x00, 0x00, 0x00,
  0x00, 0x00, 0x00, 0x00, 0x00, 0x00, 0x00, 0x00, 0x00, 0x00, 0x00, 0x00, 0x00, 0x00, 0x00, 0x00,
  0x00, 0x00, 0x00, 0x00, 0x00, 0x00, 0x00, 0x00, 0x00, 0x00, 0x00, 0x00, 0x00, 0x00, 0x00, 0x00,
  0x00, 0x00, 0x00, 0x00, 0x00, 0x00, 0x00, 0x00, 0x00, 0x00, 0x00, 0x00, 0x00, 0x00, 0x00, 0x00,
  0x00, 0x00, 0x00, 0x00, 0x00, 0x00, 0x00, 0x00, 0x00, 0x00, 0x00, 0x00, 0x00, 0x00, 0x00, 0x00,
  0x00, 0x00, 0x00, 0x00, 0x00, 0x00, 0x00, 0x00, 0x00, 0x00, 0x00, 0x00, 0x00, 0x00, 0x00, 0x00,
  0x00, 0x00, 0x00, 0x00, 0x00, 0x00, 0x00, 0x00, 0x00, 0x00, 0x00, 0x00, 0x00, 0x00, 0x00, 0x00,
  0x00, 0x00, 0x00, 0x00, 0x00, 0x00, 0x00, 0x00, 0x00, 0x00, 0x00, 0x00, 0x00, 0x00, 0x00, 0x00,
  0x00, 0x00, 0x00, 0x00, 0x00, 0x00, 0x00, 0x00, 0x00, 0x00, 0x00, 0x00, 0x00, 0x00, 0x00, 0x00,
  0x00, 0x00, 0x00, 0x00, 0x00, 0x00, 0x00, 0x00, 0x00, 0x00, 0x00, 0x00, 0x00, 0x00, 0x00, 0x00,
  0x00, 0x00, 0x00, 0x00, 0x00, 0x00, 0x00, 0x00, 0x00, 0x00, 0x00, 0x00, 0x00, 0x00, 0x00, 0x00,
  0x00, 0x00, 0x00, 0x00, 0x00, 0x00, 0x00, 0x00, 0x00, 0x00, 0x00, 0x00, 0x00, 0x00, 0x00, 0x00,
  0x00, 0x00, 0x00, 0x00, 0x00, 0x00, 0x00, 0x00, 0x00, 0x00, 0x00, 0x00, 0x00, 0x00, 0x00, 0x00,
  0x00, 0x00, 0x00, 0x00, 0x00, 0x00, 0x00, 0x00, 0x00, 0x00, 0x00, 0x00, 0x00, 0x00, 0x00, 0x00,
  0x00, 0x00, 0x00, 0x00, 0x00, 0x00, 0x00, 0x00, 0x00, 0x00, 0x00, 0x00, 0x00, 0x00, 0x00, 0x00,
  0x00, 0x00, 0x00, 0x00, 0x00, 0x00, 0x00, 0x00, 0x00, 0x00, 0x00, 0x00, 0x00, 0x00, 0x00, 0x00,
  0x00, 0x00, 0x00, 0x00, 0x00, 0x00, 0x00, 0x00, 0x00, 0x00, 0x00, 0x00, 0x00, 0x00, 0x00, 0x00,
  0x00, 0x00, 0x00, 0x00, 0x00, 0x00, 0x00, 0x00, 0x00, 0x00, 0x00, 0x00, 0x00, 0x00, 0x00, 0x00,
  0x00, 0x00, 0x00, 0x00, 0x00, 0x00, 0x00, 0x00, 0x00, 0x00, 0x00, 0x00, 0x00, 0x00, 0x00, 0x00,
  0x00, 0x00, 0x00, 0x00, 0x00, 0x00, 0x00, 0x00, 0x00, 0x00, 0x00, 0x00, 0x00, 0x00, 0x00, 0x00,
  0x00, 0x00, 0x00, 0x00, 0x00, 0x00, 0x00, 0x00, 0x00, 0x00, 0x00, 0x00, 0x00, 0x00, 0x00, 0x00,
  0x00, 0x00, 0x00, 0x00, 0x00, 0x00, 0x00, 0x00, 0x00, 0x00, 0x00, 0x00, 0x00, 0x00, 0x00, 0x00,
  0x00, 0x00, 0x00, 0x00, 0x00, 0x00, 0x00, 0x00, 0x00, 0x00, 0x00, 0x00, 0x00, 0x00, 0x00, 0x00,
  0x00, 0x00, 0x00, 0x00, 0x00, 0x00, 0x00, 0x00, 0x00, 0x00, 0x00, 0x00, 0x00, 0x00, 0x00, 0x00,
  0x00, 0x00, 0x00, 0x00, 0x00, 0x00, 0x00, 0x00, 0x00, 0x00, 0x00, 0x00, 0x00, 0x00, 0x00, 0x00,
  0x00, 0x00, 0x00, 0x00, 0x00, 0x00, 0x00, 0x00, 0x00, 0x00, 0x00, 0x00, 0x00, 0x00, 0x00, 0x00,
  0x00, 0x00, 0x00, 0x00, 0x00, 0x00, 0x00, 0x00, 0x00, 0x00, 0x00, 0x00, 0x00, 0x00, 0x00, 0x00,
  0x00, 0x00, 0x00, 0x00, 0x00, 0x00, 0x00, 0x00, 0x00, 0x00, 0x00, 0x00, 0x00, 0x00, 0x00, 0x00,
  0x00, 0x00, 0x00, 0x00, 0x00, 0x00, 0x00, 0x00, 0x00, 0x00, 0x00, 0x00, 0x00, 0x00, 0x00, 0x00,
  0x00, 0x00, 0x00, 0x00, 0x00, 0x00, 0x00, 0x00, 0x00, 0x00, 0x00, 0x00, 0x00, 0x00, 0x00, 0x00,
  0x46, 0x46, 0x94, 0xff, 0x46, 0x46, 0x94, 0xff, 0x46, 0x46, 0x94, 0xff, 0x46, 0x46, 0x94, 0xff,
  0x46, 0x46, 0x94, 0xff, 0x46, 0x46, 0x94, 0xff, 0x46, 0x46, 0x94, 0xff, 0x46, 0x46, 0x94, 0xff,
  0x00, 0x00, 0x00, 0x00, 0x00, 0x00, 0x00, 0x00, 0x00, 0x00, 0x00, 0x00, 0x00, 0x00, 0x00, 0x00,
  0x00, 0x00, 0x00, 0x00, 0x00, 0x00, 0x00, 0x00, 0x00, 0x00, 0x00, 0x00, 0x00, 0x00, 0x00, 0x00,
  0x38, 0xa0, 0xa4, 0xff, 0x38, 0xa0, 0xa4, 0xff, 0x38, 0xa0, 0xa4, 0xff, 0x38, 0xa0, 0xa4, 0xff,
  0x38, 0xa0, 0xa4, 0xff, 0x38, 0xa0, 0xa4, 0xff, 0x38, 0xa0, 0xa4, 0xff, 0x38, 0xa0, 0xa4, 0xff,
  0x00, 0x00, 0x00, 0x00, 0x00, 0x00, 0x00, 0x00, 0x00, 0x00, 0x00, 0x00, 0x00, 0x00, 0x00, 0x00,
  0x00, 0x00, 0x00, 0x00, 0x00, 0x00, 0x00, 0x00, 0x00, 0x00, 0x00, 0x00, 0x00, 0x00, 0x00, 0x00,
  0x00, 0x00, 0x00, 0x00, 0x00, 0x00, 0x00, 0x00, 0x00, 0x00, 0x00, 0x00, 0x00, 0x00, 0x00, 0x00,
  0x00, 0x00, 0x00, 0x00, 0x00, 0x00, 0x00, 0x00, 0x00, 0x00, 0x00, 0x00, 0x00, 0x00, 0x00, 0x00,
  0x00, 0x00, 0x00, 0x00, 0x00, 0x00, 0x00, 0x00, 0x00, 0x00, 0x00, 0x00, 0x00, 0x00, 0x00, 0x00,
  0x00, 0x00, 0x00, 0x00, 0x00, 0x00, 0x00, 0x00, 0x00, 0x00, 0x00, 0x00, 0x00, 0x00, 0x00, 0x00,
  0x00, 0x00, 0x00, 0x00, 0x00, 0x00, 0x00, 0x00, 0x00, 0x00, 0x00, 0x00, 0x00, 0x00, 0x00, 0x00,
  0x00, 0x00, 0x00, 0x00, 0x00, 0x00, 0x00, 0x00, 0x00, 0x00, 0x00, 0x00, 0x00, 0x00, 0x00, 0x00,
  0x00, 0x00, 0x00, 0x00, 0x00, 0x00, 0x00, 0x00, 0x00, 0x00, 0x00, 0x00, 0x00, 0x00, 0x00, 0x00,
  0x00, 0x00, 0x00, 0x00, 0x00, 0x00, 0x00, 0x00, 0x00, 0x00, 0x00, 0x00, 0x00, 0x00, 0x00, 0x00,
  0x46, 0x46, 0x94, 0xff, 0x46, 0x46, 0x94, 0xff, 0x46, 0x46, 0x94, 0xff, 0x46, 0x46, 0x94, 0xff,
  0x46, 0x46, 0x94, 0xff, 0x46, 0x46, 0x94, 0xff, 0x46, 0x46, 0x94, 0xff, 0x46, 0x46, 0x94, 0xff,
  0x00, 0x00, 0x00, 0x00, 0x00, 0x00, 0x00, 0x00, 0x00, 0x00, 0x00, 0x00, 0x00, 0x00, 0x00, 0x00,
  0x00, 0x00, 0x00, 0x00, 0x00, 0x00, 0x00, 0x00, 0x00, 0x00, 0x00, 0x00, 0x00, 0x00, 0x00, 0x00,
  0x38, 0xa0, 0xa4, 0xff, 0x38, 0xa0, 0xa4, 0xff, 0x38, 0xa0, 0xa4, 0xff, 0x38, 0xa0, 0xa4, 0xff,
  0x38, 0xa0, 0xa4, 0xff, 0x38, 0xa0, 0xa4, 0xff, 0x38, 0xa0, 0xa4, 0xff, 0x38, 0xa0, 0xa4, 0xff,
  0x00, 0x00, 0x00, 0x00, 0x00, 0x00, 0x00, 0x00, 0x00, 0x00, 0x00, 0x00, 0x00, 0x00, 0x00, 0x00,
  0x00, 0x00, 0x00, 0x00, 0x00, 0x00, 0x00, 0x00, 0x00, 0x00, 0x00, 0x00, 0x00, 0x00, 0x00, 0x00,
  0x00, 0x00, 0x00, 0x00, 0x00, 0x00, 0x00, 0x00, 0x00, 0x00, 0x00, 0x00, 0x00, 0x00, 0x00, 0x00,
  0x00, 0x00, 0x00, 0x00, 0x00, 0x00, 0x00, 0x00, 0x00, 0x00, 0x00, 0x00, 0x00, 0x00, 0x00, 0x00,
  0x00, 0x00, 0x00, 0x00, 0x00, 0x00, 0x00, 0x00, 0x00, 0x00, 0x00, 0x00, 0x00, 0x00, 0x00, 0x00,
  0x00, 0x00, 0x00, 0x00, 0x00, 0x00, 0x00, 0x00, 0x00, 0x00, 0x00, 0x00, 0x00, 0x00, 0x00, 0x00,
  0x00, 0x00, 0x00, 0x00, 0x00, 0x00, 0x00, 0x00, 0x00, 0x00, 0x00, 0x00, 0x00, 0x00, 0x00, 0x00,
  0x00, 0x00, 0x00, 0x00, 0x00, 0x00, 0x00, 0x00, 0x00, 0x00, 0x00, 0x00, 0x00, 0x00, 0x00, 0x00,
  0x00, 0x00, 0x00, 0x00, 0x00, 0x00, 0x00, 0x00, 0x00, 0x00, 0x00, 0x00, 0x00, 0x00, 0x00, 0x00,
  0x00, 0x00, 0x00, 0x00, 0x00, 0x00, 0x00, 0x00, 0x00, 0x00, 0x00, 0x00, 0x00, 0x00, 0x00, 0x00,
  0x46, 0x46, 0x94, 0xff, 0x46, 0x46, 0x94, 0xff, 0x46, 0x46, 0x94, 0xff, 0x46, 0x46, 0x94, 0xff,
  0x46, 0x46, 0x94, 0xff, 0x46, 0x46, 0x94, 0xff, 0x46, 0x46, 0x94, 0xff, 0x46, 0x46, 0x94, 0xff,
  0x00, 0x00, 0x00, 0x00, 0x00, 0x00, 0x00, 0x00, 0x00, 0x00, 0x00, 0x00, 0x00, 0x00, 0x00, 0x00,
  0x00, 0x00, 0x00, 0x00, 0x00, 0x00, 0x00, 0x00, 0x00, 0x00, 0x00, 0x00, 0x00, 0x00, 0x00, 0x00,
  0x38, 0xa0, 0xa4, 0xff, 0x38, 0xa0, 0xa4, 0xff, 0x38, 0xa0, 0xa4, 0xff, 0x38, 0xa0, 0xa4, 0xff,
  0x38, 0xa0, 0xa4, 0xff, 0x38, 0xa0, 0xa4, 0xff, 0x38, 0xa0, 0xa4, 0xff, 0x38, 0xa0, 0xa4, 0xff,
  0x00, 0x00, 0x00, 0x00, 0x00, 0x00, 0x00, 0x00, 0x00, 0x00, 0x00, 0x00, 0x00, 0x00, 0x00, 0x00,
  0x00, 0x00, 0x00, 0x00, 0x00, 0x00, 0x00, 0x00, 0x00, 0x00, 0x00, 0x00, 0x00, 0x00, 0x00, 0x00,
  0x00, 0x00, 0x00, 0x00, 0x00, 0x00, 0x00, 0x00, 0x00, 0x00, 0x00, 0x00, 0x00, 0x00, 0x00, 0x00,
  0x00, 0x00, 0x00, 0x00, 0x00, 0x00, 0x00, 0x00, 0x00, 0x00, 0x00, 0x00, 0x00, 0x00, 0x00, 0x00,
  0x00, 0x00, 0x00, 0x00, 0x00, 0x00, 0x00, 0x00, 0x00, 0x00, 0x00, 0x00, 0x00, 0x00, 0x00, 0x00,
  0x00, 0x00, 0x00, 0x00, 0x00, 0x00, 0x00, 0x00, 0x00, 0x00, 0x00, 0x00, 0x00, 0x00, 0x00, 0x00,
  0x00, 0x00, 0x00, 0x00, 0x00, 0x00, 0x00, 0x00, 0x00, 0x00, 0x00, 0x00, 0x00, 0x00, 0x00, 0x00,
  0x00, 0x00, 0x00, 0x00, 0x00, 0x00, 0x00, 0x00, 0x00, 0x00, 0x00, 0x00, 0x00, 0x00, 0x00, 0x00,
  0x00, 0x00, 0x00, 0x00, 0x00, 0x00, 0x00, 0x00, 0x00, 0x00, 0x00, 0x00, 0x00, 0x00, 0x00, 0x00,
  0x00, 0x00, 0x00, 0x00, 0x00, 0x00, 0x00, 0x00, 0x00, 0x00, 0x00, 0x00, 0x00, 0x00, 0x00, 0x00,
  0x46, 0x46, 0x94, 0xff, 0x46, 0x46, 0x94, 0xff, 0x46, 0x46, 0x94, 0xff, 0x46, 0x46, 0x94, 0xff,
  0x46, 0x46, 0x94, 0xff, 0x46, 0x46, 0x94, 0xff, 0x46, 0x46, 0x94, 0xff, 0x46, 0x46, 0x94, 0xff,
  0x00, 0x00, 0x00, 0x00, 0x00, 0x00, 0x00, 0x00, 0x00, 0x00, 0x00, 0x00, 0x00, 0x00, 0x00, 0x00,
  0x00, 0x00, 0x00, 0x00, 0x00, 0x00, 0x00, 0x00, 0x00, 0x00, 0x00, 0x00, 0x00, 0x00, 0x00, 0x00,
  0x38, 0xa0, 0xa4, 0xff, 0x38, 0xa0, 0xa4, 0xff, 0x38, 0xa0, 0xa4, 0xff, 0x38, 0xa0, 0xa4, 0xff,
  0x38, 0xa0, 0xa4, 0xff, 0x38, 0xa0, 0xa4, 0xff, 0x38, 0xa0, 0xa4, 0xff, 0x38, 0xa0, 0xa4, 0xff,
  0x00, 0x00, 0x00, 0x00, 0x00, 0x00, 0x00, 0x00, 0x00, 0x00, 0x00, 0x00, 0x00, 0x00, 0x00, 0x00,
  0x00, 0x00, 0x00, 0x00, 0x00, 0x00, 0x00, 0x00, 0x00, 0x00, 0x00, 0x00, 0x00, 0x00, 0x00, 0x00,
  0x00, 0x00, 0x00, 0x00, 0x00, 0x00, 0x00, 0x00, 0x00, 0x00, 0x00, 0x00, 0x00, 0x00, 0x00, 0x00,
  0x00, 0x00, 0x00, 0x00, 0x00, 0x00, 0x00, 0x00, 0x00, 0x00, 0x00, 0x00, 0x00, 0x00, 0x00, 0x00,
  0x00, 0x00, 0x00, 0x00, 0x00, 0x00, 0x00, 0x00, 0x00, 0x00, 0x00, 0x00, 0x00, 0x00, 0x00, 0x00,
  0x00, 0x00, 0x00, 0x00, 0x00, 0x00, 0x00, 0x00, 0x00, 0x00, 0x00, 0x00, 0x00, 0x00, 0x00, 0x00,
  0x00, 0x00, 0x00, 0x00, 0x00, 0x00, 0x00, 0x00, 0x00, 0x00, 0x00, 0x00, 0x00, 0x00, 0x00, 0x00,
  0x00, 0x00, 0x00, 0x00, 0x00, 0x00, 0x00, 0x00, 0x00, 0x00, 0x00, 0x00, 0x00, 0x00, 0x00, 0x00,
  0x00, 0x00, 0x00, 0x00, 0x00, 0x00, 0x00, 0x00, 0x00, 0x00, 0x00, 0x00, 0x00, 0x00, 0x00, 0x00,
  0x46, 0x46, 0x94, 0xff, 0x46, 0x46, 0x94, 0xff, 0x46, 0x46, 0x94, 0xff, 0x46, 0x46, 0x94, 0xff,
  0x46, 0x46, 0x94, 0xff, 0x46, 0x46, 0x94, 0xff, 0x46, 0x46, 0x94, 0xff, 0x46, 0x46, 0x94, 0xff,
  0x46, 0x46, 0x94, 0xff, 0x46, 0x46, 0x94, 0xff, 0x46, 0x46, 0x94, 0xff, 0x46, 0x46, 0x94, 0xff,
  0x46, 0x46, 0x94, 0xff, 0x46, 0x46, 0x94, 0xff, 0x46, 0x46, 0x94, 0xff, 0x46, 0x46, 0x94, 0xff,
  0x38, 0xa0, 0xa4, 0xff, 0x38, 0xa0, 0xa4, 0xff, 0x38, 0xa0, 0xa4, 0xff, 0x38, 0xa0, 0xa4, 0xff,
  0x38, 0xa0, 0xa4, 0xff, 0x38, 0xa0, 0xa4, 0xff, 0x38, 0xa0, 0xa4, 0xff, 0x38, 0xa0, 0xa4, 0xff,
  0x38, 0xa0, 0xa4, 0xff, 0x38, 0xa0, 0xa4, 0xff, 0x38, 0xa0, 0xa4, 0xff, 0x38, 0xa0, 0xa4, 0xff,
  0x38, 0xa0, 0xa4, 0xff, 0x38, 0xa0, 0xa4, 0xff, 0x38, 0xa0, 0xa4, 0xff, 0x38, 0xa0, 0xa4, 0xff,
  0x00, 0x00, 0x00, 0x00, 0x00, 0x00, 0x00, 0x00, 0x00, 0x00, 0x00, 0x00, 0x00, 0x00, 0x00, 0x00,
  0x00, 0x00, 0x00, 0x00, 0x00, 0x00, 0x00, 0x00, 0x00, 0x00, 0x00, 0x00, 0x00, 0x00, 0x00, 0x00,
  0x00, 0x00, 0x00, 0x00, 0x00, 0x00, 0x00, 0x00, 0x00, 0x00, 0x00, 0x00, 0x00, 0x00, 0x00, 0x00,
  0x00, 0x00, 0x00, 0x00, 0x00, 0x00, 0x00, 0x00, 0x00, 0x00, 0x00, 0x00, 0x00, 0x00, 0x00, 0x00,
  0x00, 0x00, 0x00, 0x00, 0x00, 0x00, 0x00, 0x00, 0x00, 0x00, 0x00, 0x00, 0x00, 0x00, 0x00, 0x00,
  0x00, 0x00, 0x00, 0x00, 0x00, 0x00, 0x00, 0x00, 0x00, 0x00, 0x00, 0x00, 0x00, 0x00, 0x00, 0x00,
  0x00, 0x00, 0x00, 0x00, 0x00, 0x00, 0x00, 0x00, 0x00, 0x00, 0x00, 0x00, 0x00, 0x00, 0x00, 0x00,
  0x00, 0x00, 0x00, 0x00, 0x00, 0x00, 0x00, 0x00, 0x00, 0x00, 0x00, 0x00, 0x00, 0x00, 0x00, 0x00,
  0x46, 0x46, 0x94, 0xff, 0x46, 0x46, 0x94, 0xff, 0x46, 0x46, 0x94, 0xff, 0x46, 0x46, 0x94, 0xff,
  0x46, 0x46, 0x94, 0xff, 0x46, 0x46, 0x94, 0xff, 0x46, 0x46, 0x94, 0xff, 0x46, 0x46, 0x94, 0xff,
  0x46, 0x46, 0x94, 0xff, 0x46, 0x46, 0x94, 0xff, 0x46, 0x46, 0x94, 0xff, 0x46, 0x46, 0x94, 0xff,
  0x46, 0x46, 0x94, 0xff, 0x46, 0x46, 0x94, 0xff, 0x46, 0x46, 0x94, 0xff, 0x46, 0x46, 0x94, 0xff,
  0x38, 0xa0, 0xa4, 0xff, 0x38, 0xa0, 0xa4, 0xff, 0x38, 0xa0, 0xa4, 0xff, 0x38, 0xa0, 0xa4, 0xff,
  0x38, 0xa0, 0xa4, 0xff, 0x38, 0xa0, 0xa4, 0xff, 0x38, 0xa0, 0xa4, 0xff, 0x38, 0xa0, 0xa4, 0xff,
  0x38, 0xa0, 0xa4, 0xff, 0x38, 0xa0, 0xa4, 0xff, 0x38, 0xa0, 0xa4, 0xff, 0x38, 0xa0, 0xa4, 0xff,
  0x38, 0xa0, 0xa4, 0xff, 0x38, 0xa0, 0xa4, 0xff, 0x38, 0xa0, 0xa4, 0xff, 0x38, 0xa0, 0xa4, 0xff,
  0x00, 0x00, 0x00, 0x00, 0x00, 0x00, 0x00, 0x00, 0x00, 0x00, 0x00, 0x00, 0x00, 0x00, 0x00, 0x00,
  0x00, 0x00, 0x00, 0x00, 0x00, 0x00, 0x00, 0x00, 0x00, 0x00, 0x00, 0x00, 0x00, 0x00, 0x00, 0x00,
  0x00, 0x00, 0x00, 0x00, 0x00, 0x00, 0x00, 0x00, 0x00, 0x00, 0x00, 0x00, 0x00, 0x00, 0x00, 0x00,
  0x00, 0x00, 0x00, 0x00, 0x00, 0x00, 0x00, 0x00, 0x00, 0x00, 0x00, 0x00, 0x00, 0x00, 0x00, 0x00,
  0x00, 0x00, 0x00, 0x00, 0x00, 0x00, 0x00, 0x00, 0x00, 0x00, 0x00, 0x00, 0x00, 0x00, 0x00, 0x00,
  0x00, 0x00, 0x00, 0x00, 0x00, 0x00, 0x00, 0x00, 0x00, 0x00, 0x00, 0x00, 0x00, 0x00, 0x00, 0x00,
  0x00, 0x00, 0x00, 0x00, 0x00, 0x00, 0x00, 0x00, 0x00, 0x00, 0x00, 0x00, 0x00, 0x00, 0x00, 0x00,
  0x00, 0x00, 0x00, 0x00, 0x00, 0x00, 0x00, 0x00, 0x00, 0x00, 0x00, 0x00, 0x00, 0x00, 0x00, 0x00,
  0x46, 0x46, 0x94, 0xff, 0x46, 0x46, 0x94, 0xff, 0x46, 0x46, 0x94, 0xff, 0x46, 0x46, 0x94, 0xff,
  0x46, 0x46, 0x94, 0xff, 0x46, 0x46, 0x94, 0xff, 0x46, 0x46, 0x94, 0xff, 0x46, 0x46, 0x94, 0xff,
  0x46, 0x46, 0x94, 0xff, 0x46, 0x46, 0x94, 0xff, 0x46, 0x46, 0x94, 0xff, 0x46, 0x46, 0x94, 0xff,
  0x46, 0x46, 0x94, 0xff, 0x46, 0x46, 0x94, 0xff, 0x46, 0x46, 0x94, 0xff, 0x46, 0x46, 0x94, 0xff,
  0x38, 0xa0, 0xa4, 0xff, 0x38, 0xa0, 0xa4, 0xff, 0x38, 0xa0, 0xa4, 0xff, 0x38, 0xa0, 0xa4, 0xff,
  0x38, 0xa0, 0xa4, 0xff, 0x38, 0xa0, 0xa4, 0xff, 0x38, 0xa0, 0xa4, 0xff, 0x38, 0xa0, 0xa4, 0xff,
  0x38, 0xa0, 0xa4, 0xff, 0x38, 0xa0, 0xa4, 0xff, 0x38, 0xa0, 0xa4, 0xff, 0x38, 0xa0, 0xa4, 0xff,
  0x38, 0xa0, 0xa4, 0xff, 0x38, 0xa0, 0xa4, 0xff, 0x38, 0xa0, 0xa4, 0xff, 0x38, 0xa0, 0xa4, 0xff,
  0x00, 0x00, 0x00, 0x00, 0x00, 0x00, 0x00, 0x00, 0x00, 0x00, 0x00, 0x00, 0x00, 0x00, 0x00, 0x00,
  0x00, 0x00, 0x00, 0x00, 0x00, 0x00, 0x00, 0x00, 0x00, 0x00, 0x00, 0x00, 0x00, 0x00, 0x00, 0x00,
  0x00, 0x00, 0x00, 0x00, 0x00, 0x00, 0x00, 0x00, 0x00, 0x00, 0x00, 0x00, 0x00, 0x00, 0x00, 0x00,
  0x00, 0x00, 0x00, 0x00, 0x00, 0x00, 0x00, 0x00, 0x00, 0x00, 0x00, 0x00, 0x00, 0x00, 0x00, 0x00,
  0x00, 0x00, 0x00, 0x00, 0x00, 0x00, 0x00, 0x00, 0x00, 0x00, 0x00, 0x00, 0x00, 0x00, 0x00, 0x00,
  0x00, 0x00, 0x00, 0x00, 0x00, 0x00, 0x00, 0x00, 0x00, 0x00, 0x00, 0x00, 0x00, 0x00, 0x00, 0x00,
  0x00, 0x00, 0x00, 0x00, 0x00, 0x00, 0x00, 0x00, 0x00, 0x00, 0x00, 0x00, 0x00, 0x00, 0x00, 0x00,
  0x00, 0x00, 0x00, 0x00, 0x00, 0x00, 0x00, 0x00, 0x00, 0x00, 0x00, 0x00, 0x00, 0x00, 0x00, 0x00,
  0x46, 0x46, 0x94, 0xff, 0x46, 0x46, 0x94, 0xff, 0x46, 0x46, 0x94, 0xff, 0x46, 0x46, 0x94, 0xff,
  0x46, 0x46, 0x94, 0xff, 0x46, 0x46, 0x94, 0xff, 0x46, 0x46, 0x94, 0xff, 0x46, 0x46, 0x94, 0xff,
  0x46, 0x46, 0x94, 0xff, 0x46, 0x46, 0x94, 0xff, 0x46, 0x46, 0x94, 0xff, 0x46, 0x46, 0x94, 0xff,
  0x46, 0x46, 0x94, 0xff, 0x46, 0x46, 0x94, 0xff, 0x46, 0x46, 0x94, 0xff, 0x46, 0x46, 0x94, 0xff,
  0x38, 0xa0, 0xa4, 0xff, 0x38, 0xa0, 0xa4, 0xff, 0x38, 0xa0, 0xa4, 0xff, 0x38, 0xa0, 0xa4, 0xff,
  0x38, 0xa0, 0xa4, 0xff, 0x38, 0xa0, 0xa4, 0xff, 0x38, 0xa0, 0xa4, 0xff, 0x38, 0xa0, 0xa4, 0xff,
  0x38, 0xa0, 0xa4, 0xff, 0x38, 0xa0, 0xa4, 0xff, 0x38, 0xa0, 0xa4, 0xff, 0x38, 0xa0, 0xa4, 0xff,
  0x38, 0xa0, 0xa4, 0xff, 0x38, 0xa0, 0xa4, 0xff, 0x38, 0xa0, 0xa4, 0xff, 0x38, 0xa0, 0xa4, 0xff,
  0x00, 0x00, 0x00, 0x00, 0x00, 0x00, 0x00, 0x00, 0x00, 0x00, 0x00, 0x00, 0x00, 0x00, 0x00, 0x00,
  0x00, 0x00, 0x00, 0x00, 0x00, 0x00, 0x00, 0x00, 0x00, 0x00, 0x00, 0x00, 0x00, 0x00, 0x00, 0x00,
  0x00, 0x00, 0x00, 0x00, 0x00, 0x00, 0x00, 0x00, 0x00, 0x00, 0x00, 0x00, 0x00, 0x00, 0x00, 0x00,
  0x00, 0x00, 0x00, 0x00, 0x00, 0x00, 0x00, 0x00, 0x00, 0x00, 0x00, 0x00, 0x00, 0x00, 0x00, 0x00,
  0x00, 0x00, 0x00, 0x00, 0x00, 0x00, 0x00, 0x00, 0x00, 0x00, 0x00, 0x00, 0x00, 0x00, 0x00, 0x00,
  0x00, 0x00, 0x00, 0x00, 0x00, 0x00, 0x00, 0x00, 0x00, 0x00, 0x00, 0x00, 0x00, 0x00, 0x00, 0x00,
  0x00, 0x00, 0x00, 0x00, 0x00, 0x00, 0x00, 0x00, 0x00, 0x00, 0x00, 0x00, 0x00, 0x00, 0x00, 0x00,
  0x00, 0x00, 0x00, 0x00, 0x00, 0x00, 0x00, 0x00, 0x00, 0x00, 0x00, 0x00, 0x00, 0x00, 0x00, 0x00,
  0x46, 0x46, 0x94, 0xff, 0x46, 0x46, 0x94, 0xff, 0x46, 0x46, 0x94, 0xff, 0x46, 0x46, 0x94, 0xff,
  0x46, 0x46, 0x94, 0xff, 0x46, 0x46, 0x94, 0xff, 0x46, 0x46, 0x94, 0xff, 0x46, 0x46, 0x94, 0xff,
  0x46, 0x46, 0x94, 0xff, 0x46, 0x46, 0x94, 0xff, 0x46, 0x46, 0x94, 0xff, 0x46, 0x46, 0x94, 0xff,
  0x46, 0x46, 0x94, 0xff, 0x46, 0x46, 0x94, 0xff, 0x46, 0x46, 0x94, 0xff, 0x46, 0x46, 0x94, 0xff,
  0xe0, 0xae, 0x83, 0xff, 0xe0, 0xae, 0x83, 0xff, 0xe0, 0xae, 0x83, 0xff, 0xe0, 0xae, 0x83, 0xff,
  0xe0, 0xae, 0x83, 0xff, 0xe0, 0xae, 0x83, 0xff, 0xe0, 0xae, 0x83, 0xff, 0xe0, 0xae, 0x83, 0xff,
  0xe0, 0xae, 0x83, 0xff, 0xe0, 0xae, 0x83, 0xff, 0xe0, 0xae, 0x83, 0xff, 0xe0, 0xae, 0x83, 0xff,
  0xe0, 0xae, 0x83, 0xff, 0xe0, 0xae, 0x83, 0xff, 0xe0, 0xae, 0x83, 0xff, 0xe0, 0xae, 0x83, 0xff,
  0x00, 0x00, 0x00, 0x00, 0x00, 0x00, 0x00, 0x00, 0x00, 0x00, 0x00, 0x00, 0x00, 0x00, 0x00, 0x00,
  0x00, 0x00, 0x00, 0x00, 0x00, 0x00, 0x00, 0x00, 0x00, 0x00, 0x00, 0x00, 0x00, 0x00, 0x00, 0x00,
  0x00, 0x00, 0x00, 0x00, 0x00, 0x00, 0x00, 0x00, 0x00, 0x00, 0x00, 0x00, 0x00, 0x00, 0x00, 0x00,
  0x00, 0x00, 0x00, 0x00, 0x00, 0x00, 0x00, 0x00, 0x00, 0x00, 0x00, 0x00, 0x00, 0x00, 0x00, 0x00,
  0x00, 0x00, 0x00, 0x00, 0x00, 0x00, 0x00, 0x00, 0x00, 0x00, 0x00, 0x00, 0x00, 0x00, 0x00, 0x00,
  0x00, 0x00, 0x00, 0x00, 0x00, 0x00, 0x00, 0x00, 0x00, 0x00, 0x00, 0x00, 0x00, 0x00, 0x00, 0x00,
  0x00, 0x00, 0x00, 0x00, 0x00, 0x00, 0x00, 0x00, 0x00, 0x00, 0x00, 0x00, 0x00, 0x00, 0x00, 0x00,
  0x00, 0x00, 0x00, 0x00, 0x00, 0x00, 0x00, 0x00, 0x00, 0x00, 0x00, 0x00, 0x00, 0x00, 0x00, 0x00,
  0x46, 0x46, 0x94, 0xff, 0x46, 0x46, 0x94, 0xff, 0x46, 0x46, 0x94, 0xff, 0x46, 0x46, 0x94, 0xff,
  0x46, 0x46, 0x94, 0xff, 0x46, 0x46, 0x94, 0xff, 0x46, 0x46, 0x94, 0xff, 0x46, 0x46, 0x94, 0xff,
  0x46, 0x46, 0x94, 0xff, 0x46, 0x46, 0x94, 0xff, 0x46, 0x46, 0x94, 0xff, 0x46, 0x46, 0x94, 0xff,
  0x46, 0x46, 0x94, 0xff, 0x46, 0x46, 0x94, 0xff, 0x46, 0x46, 0x94, 0xff, 0x46, 0x46, 0x94, 0xff,
  0xe0, 0xae, 0x83, 0xff, 0xe0, 0xae, 0x83, 0xff, 0xe0, 0xae, 0x83, 0xff, 0xe0, 0xae, 0x83, 0xff,
  0xe0, 0xae, 0x83, 0xff, 0xe0, 0xae, 0x83, 0xff, 0xe0, 0xae, 0x83, 0xff, 0xe0, 0xae, 0x83, 0xff,
  0xe0, 0xae, 0x83, 0xff, 0xe0, 0xae, 0x83, 0xff, 0xe0, 0xae, 0x83, 0xff, 0xe0, 0xae, 0x83, 0xff,
  0xe0, 0xae, 0x83, 0xff, 0xe0, 0xae, 0x83, 0xff, 0xe0, 0xae, 0x83, 0xff, 0xe0, 0xae, 0x83, 0xff,
  0x00, 0x00, 0x00, 0x00, 0x00, 0x00, 0x00, 0x00, 0x00, 0x00, 0x00, 0x00, 0x00, 0x00, 0x00, 0x00,
  0x00, 0x00, 0x00, 0x00, 0x00, 0x00, 0x00, 0x00, 0x00, 0x00, 0x00, 0x00, 0x00, 0x00, 0x00, 0x00,
  0x00, 0x00, 0x00, 0x00, 0x00, 0x00, 0x00, 0x00, 0x00, 0x00, 0x00, 0x00, 0x00, 0x00, 0x00, 0x00,
  0x00, 0x00, 0x00, 0x00, 0x00, 0x00, 0x00, 0x00, 0x00, 0x00, 0x00, 0x00, 0x00, 0x00, 0x00, 0x00,
  0x00, 0x00, 0x00, 0x00, 0x00, 0x00, 0x00, 0x00, 0x00, 0x00, 0x00, 0x00, 0x00, 0x00, 0x00, 0x00,
  0x00, 0x00, 0x00, 0x00, 0x00, 0x00, 0x00, 0x00, 0x00, 0x00, 0x00, 0x00, 0x00, 0x00, 0x00, 0x00,
  0x00, 0x00, 0x00, 0x00, 0x00, 0x00, 0x00, 0x00, 0x00, 0x00, 0x00, 0x00, 0x00, 0x00, 0x00, 0x00,
  0x00, 0x00, 0x00, 0x00, 0x00, 0x00, 0x00, 0x00, 0x00, 0x00, 0x00, 0x00, 0x00, 0x00, 0x00, 0x00,
  0x46, 0x46, 0x94, 0xff, 0x46, 0x46, 0x94, 0xff, 0x46, 0x46, 0x94, 0xff, 0x46, 0x46, 0x94, 0xff,
  0x46, 0x46, 0x94, 0xff, 0x46, 0x46, 0x94, 0xff, 0x46, 0x46, 0x94, 0xff, 0x46, 0x46, 0x94, 0xff,
  0x46, 0x46, 0x94, 0xff, 0x46, 0x46, 0x94, 0xff, 0x46, 0x46, 0x94, 0xff, 0x46, 0x46, 0x94, 0xff,
  0x46, 0x46, 0x94, 0xff, 0x46, 0x46, 0x94, 0xff, 0x46, 0x46, 0x94, 0xff, 0x46, 0x46, 0x94, 0xff,
  0xe0, 0xae, 0x83, 0xff, 0xe0, 0xae, 0x83, 0xff, 0xe0, 0xae, 0x83, 0xff, 0xe0, 0xae, 0x83, 0xff,
  0xe0, 0xae, 0x83, 0xff, 0xe0, 0xae, 0x83, 0xff, 0xe0, 0xae, 0x83, 0xff, 0xe0, 0xae, 0x83, 0xff,
  0xe0, 0xae, 0x83, 0xff, 0xe0, 0xae, 0x83, 0xff, 0xe0, 0xae, 0x83, 0xff, 0xe0, 0xae, 0x83, 0xff,
  0xe0, 0xae, 0x83, 0xff, 0xe0, 0xae, 0x83, 0xff, 0xe0, 0xae, 0x83, 0xff, 0xe0, 0xae, 0x83, 0xff,
  0x00, 0x00, 0x00, 0x00, 0x00, 0x00, 0x00, 0x00, 0x00, 0x00, 0x00, 0x00, 0x00, 0x00, 0x00, 0x00,
  0x00, 0x00, 0x00, 0x00, 0x00, 0x00, 0x00, 0x00, 0x00, 0x00, 0x00, 0x00, 0x00, 0x00, 0x00, 0x00,
  0x00, 0x00, 0x00, 0x00, 0x00, 0x00, 0x00, 0x00, 0x00, 0x00, 0x00, 0x00, 0x00, 0x00, 0x00, 0x00,
  0x00, 0x00, 0x00, 0x00, 0x00, 0x00, 0x00, 0x00, 0x00, 0x00, 0x00, 0x00, 0x00, 0x00, 0x00, 0x00,
  0x00, 0x00, 0x00, 0x00, 0x00, 0x00, 0x00, 0x00, 0x00, 0x00, 0x00, 0x00, 0x00, 0x00, 0x00, 0x00,
  0x00, 0x00, 0x00, 0x00, 0x00, 0x00, 0x00, 0x00, 0x00, 0x00, 0x00, 0x00, 0x00, 0x00, 0x00, 0x00,
  0x00, 0x00, 0x00, 0x00, 0x00, 0x00, 0x00, 0x00, 0x00, 0x00, 0x00, 0x00, 0x00, 0x00, 0x00, 0x00,
  0x00, 0x00, 0x00, 0x00, 0x00, 0x00, 0x00, 0x00, 0x00, 0x00, 0x00, 0x00, 0x00, 0x00, 0x00, 0x00,
  0x46, 0x46, 0x94, 0xff, 0x46, 0x46, 0x94, 0xff, 0x46, 0x46, 0x94, 0xff, 0x46, 0x46, 0x94, 0xff,
  0x46, 0x46, 0x94, 0xff, 0x46, 0x46, 0x94, 0xff, 0x46, 0x46, 0x94, 0xff, 0x46, 0x46, 0x94, 0xff,
  0x46, 0x46, 0x94, 0xff, 0x46, 0x46, 0x94, 0xff, 0x46, 0x46, 0x94, 0xff, 0x46, 0x46, 0x94, 0xff,
  0x46, 0x46, 0x94, 0xff, 0x46, 0x46, 0x94, 0xff, 0x46, 0x46, 0x94, 0xff, 0x46, 0x46, 0x94, 0xff,
  0xe0, 0xae, 0x83, 0xff, 0xe0, 0xae, 0x83, 0xff, 0xe0, 0xae, 0x83, 0xff, 0xe0, 0xae, 0x83, 0xff,
  0xe0, 0xae, 0x83, 0xff, 0xe0, 0xae, 0x83, 0xff, 0xe0, 0xae, 0x83, 0xff, 0xe0, 0xae, 0x83, 0xff,
  0xe0, 0xae, 0x83, 0xff, 0xe0, 0xae, 0x83, 0xff, 0xe0, 0xae, 0x83, 0xff, 0xe0, 0xae, 0x83, 0xff,
  0xe0, 0xae, 0x83, 0xff, 0xe0, 0xae, 0x83, 0xff, 0xe0, 0xae, 0x83, 0xff, 0xe0, 0xae, 0x83, 0xff,
  0x00, 0x00, 0x00, 0x00, 0x00, 0x00, 0x00, 0x00, 0x00, 0x00, 0x00, 0x00, 0x00, 0x00, 0x00, 0x00,
  0x00, 0x00, 0x00, 0x00, 0x00, 0x00, 0x00, 0x00, 0x00, 0x00, 0x00, 0x00, 0x00, 0x00, 0x00, 0x00,
  0x00, 0x00, 0x00, 0x00, 0x00, 0x00, 0x00, 0x00, 0x00, 0x00, 0x00, 0x00, 0x00, 0x00, 0x00, 0x00,
  0x00, 0x00, 0x00, 0x00, 0x00, 0x00, 0x00, 0x00, 0x00, 0x00, 0x00, 0x00, 0x00, 0x00, 0x00, 0x00,
  0x00, 0x00, 0x00, 0x00, 0x00, 0x00, 0x00, 0x00, 0x00, 0x00, 0x00, 0x00, 0x00, 0x00, 0x00, 0x00,
  0x00, 0x00, 0x00, 0x00, 0x00, 0x00, 0x00, 0x00, 0x00, 0x00, 0x00, 0x00, 0x00, 0x00, 0x00, 0x00,
  0x00, 0x00, 0x00, 0x00, 0x00, 0x00, 0x00, 0x00, 0x00, 0x00, 0x00, 0x00, 0x00, 0x00, 0x00, 0x00,
  0x00, 0x00, 0x00, 0x00, 0x00, 0x00, 0x00, 0x00, 0x00, 0x00, 0x00, 0x00, 0x00, 0x00, 0x00, 0x00,
  0x30, 0x30, 0x34, 0xff, 0x30, 0x30, 0x34, 0xff, 0x30, 0x30, 0x34, 0xff, 0x30, 0x30, 0x34, 0xff,
  0x30, 0x30, 0x34, 0xff, 0x30, 0x30, 0x34, 0xff, 0x30, 0x30, 0x34, 0xff, 0x30, 0x30, 0x34, 0xff,
  0x30, 0x30, 0x34, 0xff, 0x30, 0x30, 0x34, 0xff, 0x30, 0x30, 0x34, 0xff, 0x30, 0x30, 0x34, 0xff,
  0x30, 0x30, 0x34, 0xff, 0x30, 0x30, 0x34, 0xff, 0x30, 0x30, 0x34, 0xff, 0x30, 0x30, 0x34, 0xff,
  0xe0, 0xae, 0x83, 0xff, 0xe0, 0xae, 0x83, 0xff, 0xe0, 0xae, 0x83, 0xff, 0xe0, 0xae, 0x83, 0xff,
  0xe0, 0xae, 0x83, 0xff, 0xe0, 0xae, 0x83, 0xff, 0xe0, 0xae, 0x83, 0xff, 0xe0, 0xae, 0x83, 0xff,
  0xe0, 0xae, 0x83, 0xff, 0xe0, 0xae, 0x83, 0xff, 0xe0, 0xae, 0x83, 0xff, 0xe0, 0xae, 0x83, 0xff,
  0xe0, 0xae, 0x83, 0xff, 0xe0, 0xae, 0x83, 0xff, 0xe0, 0xae, 0x83, 0xff, 0xe0, 0xae, 0x83, 0xff,
  0x00, 0x00, 0x00, 0x00, 0x00, 0x00, 0x00, 0x00, 0x00, 0x00, 0x00, 0x00, 0x00, 0x00, 0x00, 0x00,
  0x00, 0x00, 0x00, 0x00, 0x00, 0x00, 0x00, 0x00, 0x00, 0x00, 0x00, 0x00, 0x00, 0x00, 0x00, 0x00,
  0x00, 0x00, 0x00, 0x00, 0x00, 0x00, 0x00, 0x00, 0x00, 0x00, 0x00, 0x00, 0x00, 0x00, 0x00, 0x00,
  0x00, 0x00, 0x00, 0x00, 0x00, 0x00, 0x00, 0x00, 0x00, 0x00, 0x00, 0x00, 0x00, 0x00, 0x00, 0x00,
  0x00, 0x00, 0x00, 0x00, 0x00, 0x00, 0x00, 0x00, 0x00, 0x00, 0x00, 0x00, 0x00, 0x00, 0x00, 0x00,
  0x00, 0x00, 0x00, 0x00, 0x00, 0x00, 0x00, 0x00, 0x00, 0x00, 0x00, 0x00, 0x00, 0x00, 0x00, 0x00,
  0x00, 0x00, 0x00, 0x00, 0x00, 0x00, 0x00, 0x00, 0x00, 0x00, 0x00, 0x00, 0x00, 0x00, 0x00, 0x00,
  0x00, 0x00, 0x00, 0x00, 0x00, 0x00, 0x00, 0x00, 0x00, 0x00, 0x00, 0x00, 0x00, 0x00, 0x00, 0x00,
  0x30, 0x30, 0x34, 0xff, 0x30, 0x30, 0x34, 0xff, 0x30, 0x30, 0x34, 0xff, 0x30, 0x30, 0x34, 0xff,
  0x30, 0x30, 0x34, 0xff, 0x30, 0x30, 0x34, 0xff, 0x30, 0x30, 0x34, 0xff, 0x30, 0x30, 0x34, 0xff,
  0x30, 0x30, 0x34, 0xff, 0x30, 0x30, 0x34, 0xff, 0x30, 0x30, 0x34, 0xff, 0x30, 0x30, 0x34, 0xff,
  0x30, 0x30, 0x34, 0xff, 0x30, 0x30, 0x34, 0xff, 0x30, 0x30, 0x34, 0xff, 0x30, 0x30, 0x34, 0xff,
  0xe0, 0xae, 0x83, 0xff, 0xe0, 0xae, 0x83, 0xff, 0xe0, 0xae, 0x83, 0xff, 0xe0, 0xae, 0x83, 0xff,
  0xe0, 0xae, 0x83, 0xff, 0xe0, 0xae, 0x83, 0xff, 0xe0, 0xae, 0x83, 0xff, 0xe0, 0xae, 0x83, 0xff,
  0xe0, 0xae, 0x83, 0xff, 0xe0, 0xae, 0x83, 0xff, 0xe0, 0xae, 0x83, 0xff, 0xe0, 0xae, 0x83, 0xff,
  0xe0, 0xae, 0x83, 0xff, 0xe0, 0xae, 0x83, 0xff, 0xe0, 0xae, 0x83, 0xff, 0xe0, 0xae, 0x83, 0xff,
  0x00, 0x00, 0x00, 0x00, 0x00, 0x00, 0x00, 0x00, 0x00, 0x00, 0x00, 0x00, 0x00, 0x00, 0x00, 0x00,
  0x00, 0x00, 0x00, 0x00, 0x00, 0x00, 0x00, 0x00, 0x00, 0x00, 0x00, 0x00, 0x00, 0x00, 0x00, 0x00,
  0x00, 0x00, 0x00, 0x00, 0x00, 0x00, 0x00, 0x00, 0x00, 0x00, 0x00, 0x00, 0x00, 0x00, 0x00, 0x00,
  0x00, 0x00, 0x00, 0x00, 0x00, 0x00, 0x00, 0x00, 0x00, 0x00, 0x00, 0x00, 0x00, 0x00, 0x00, 0x00,
  0x00, 0x00, 0x00, 0x00, 0x00, 0x00, 0x00, 0x00, 0x00, 0x00, 0x00, 0x00, 0x00, 0x00, 0x00, 0x00,
  0x00, 0x00, 0x00, 0x00, 0x00, 0x00, 0x00, 0x00, 0x00, 0x00, 0x00, 0x00, 0x00, 0x00, 0x00, 0x00,
  0x00, 0x00, 0x00, 0x00, 0x00, 0x00, 0x00, 0x00, 0x00, 0x00, 0x00, 0x00, 0x00, 0x00, 0x00, 0x00,
  0x00, 0x00, 0x00, 0x00, 0x00, 0x00, 0x00, 0x00, 0x00, 0x00, 0x00, 0x00, 0x00, 0x00, 0x00, 0x00,
  0x30, 0x30, 0x34, 0xff, 0x30, 0x30, 0x34, 0xff, 0x30, 0x30, 0x34, 0xff, 0x30, 0x30, 0x34, 0xff,
  0x30, 0x30, 0x34, 0xff, 0x30, 0x30, 0x34, 0xff, 0x30, 0x30, 0x34, 0xff, 0x30, 0x30, 0x34, 0xff,
  0x30, 0x30, 0x34, 0xff, 0x30, 0x30, 0x34, 0xff, 0x30, 0x30, 0x34, 0xff, 0x30, 0x30, 0x34, 0xff,
  0x30, 0x30, 0x34, 0xff, 0x30, 0x30, 0x34, 0xff, 0x30, 0x30, 0x34, 0xff, 0x30, 0x30, 0x34, 0xff,
  0xe0, 0xae, 0x83, 0xff, 0xe0, 0xae, 0x83, 0xff, 0xe0, 0xae, 0x83, 0xff, 0xe0, 0xae, 0x83, 0xff,
  0xe0, 0xae, 0x83, 0xff, 0xe0, 0xae, 0x83, 0xff, 0xe0, 0xae, 0x83, 0xff, 0xe0, 0xae, 0x83, 0xff,
  0xe0, 0xae, 0x83, 0xff, 0xe0, 0xae, 0x83, 0xff, 0xe0, 0xae, 0x83, 0xff, 0xe0, 0xae, 0x83, 0xff,
  0xe0, 0xae, 0x83, 0xff, 0xe0, 0xae, 0x83, 0xff, 0xe0, 0xae, 0x83, 0xff, 0xe0, 0xae, 0x83, 0xff,
  0x00, 0x00, 0x00, 0x00, 0x00, 0x00, 0x00, 0x00, 0x00, 0x00, 0x00, 0x00, 0x00, 0x00, 0x00, 0x00,
  0x00, 0x00, 0x00, 0x00, 0x00, 0x00, 0x00, 0x00, 0x00, 0x00, 0x00, 0x00, 0x00, 0x00, 0x00, 0x00,
  0x00, 0x00, 0x00, 0x00, 0x00, 0x00, 0x00, 0x00, 0x00, 0x00, 0x00, 0x00, 0x00, 0x00, 0x00, 0x00,
  0x00, 0x00, 0x00, 0x00, 0x00, 0x00, 0x00, 0x00, 0x00, 0x00, 0x00, 0x00, 0x00, 0x00, 0x00, 0x00,
  0x00, 0x00, 0x00, 0x00, 0x00, 0x00, 0x00, 0x00, 0x00, 0x00, 0x00, 0x00, 0x00, 0x00, 0x00, 0x00,
  0x00, 0x00, 0x00, 0x00, 0x00, 0x00, 0x00, 0x00, 0x00, 0x00, 0x00, 0x00, 0x00, 0x00, 0x00, 0x00,
  0x00, 0x00, 0x00, 0x00, 0x00, 0x00, 0x00, 0x00, 0x00, 0x00, 0x00, 0x00, 0x00, 0x00, 0x00, 0x00,
  0x00, 0x00, 0x00, 0x00, 0x00, 0x00, 0x00, 0x00, 0x00, 0x00, 0x00, 0x00, 0x00, 0x00, 0x00, 0x00,
  0x30, 0x30, 0x34, 0xff, 0x30, 0x30, 0x34, 0xff, 0x30, 0x30, 0x34, 0xff, 0x30, 0x30, 0x34, 0xff,
  0x30, 0x30, 0x34, 0xff, 0x30, 0x30, 0x34, 0xff, 0x30, 0x30, 0x34, 0xff, 0x30, 0x30, 0x34, 0xff,
  0x30, 0x30, 0x34, 0xff, 0x30, 0x30, 0x34, 0xff, 0x30, 0x30, 0x34, 0xff, 0x30, 0x30, 0x34, 0xff,
  0x30, 0x30, 0x34, 0xff, 0x30, 0x30, 0x34, 0xff, 0x30, 0x30, 0x34, 0xff, 0x30, 0x30, 0x34, 0xff,
  0xe0, 0xae, 0x83, 0xff, 0xe0, 0xae, 0x83, 0xff, 0xe0, 0xae, 0x83, 0xff, 0xe0, 0xae, 0x83, 0xff,
  0xe0, 0xae, 0x83, 0xff, 0xe0, 0xae, 0x83, 0xff, 0xe0, 0xae, 0x83, 0xff, 0xe0, 0xae, 0x83, 0xff,
  0xe0, 0xae, 0x83, 0xff, 0xe0, 0xae, 0x83, 0xff, 0xe0, 0xae, 0x83, 0xff, 0xe0, 0xae, 0x83, 0xff,
  0xe0, 0xae, 0x83, 0xff, 0xe0, 0xae, 0x83, 0xff, 0xe0, 0xae, 0x83, 0xff, 0xe0, 0xae, 0x83, 0xff,
  0x00, 0x00, 0x00, 0x00, 0x00, 0x00, 0x00, 0x00, 0x00, 0x00, 0x00, 0x00, 0x00, 0x00, 0x00, 0x00,
  0x00, 0x00, 0x00, 0x00, 0x00, 0x00, 0x00, 0x00, 0x00, 0x00, 0x00, 0x00, 0x00, 0x00, 0x00, 0x00,
  0x00, 0x00, 0x00, 0x00, 0x00, 0x00, 0x00, 0x00, 0x00, 0x00, 0x00, 0x00, 0x00, 0x00, 0x00, 0x00,
  0x00, 0x00, 0x00, 0x00, 0x00, 0x00, 0x00, 0x00, 0x00, 0x00, 0x00, 0x00, 0x00, 0x00, 0x00, 0x00,
};

} // namespace wings_default
